https://www.musinsa.com/app/goods/2118292	KIRSH	아치 로고 리워크드 스웻셔츠 KA [블랙]
https://www.musinsa.com/app/goods/3353701	NASTY FANCY CLUB	[NF] 러프 셔링 후드 베스트 (NAVY)_F23QB469
https://www.musinsa.com/app/goods/3263407	NASTY FANCY CLUB	[NF] 팬브릿지 크롭 티 (WHITE)_F23QB224
https://www.musinsa.com/app/goods/3296909	NASTY FANCY CLUB	[NF] 페어 크롭 카라 저지 (YELLOW)_F23QB253
https://www.musinsa.com/app/goods/3263399	NASTY FANCY CLUB	[NF] 타이다이 리본 레이어드 티 (WHITE)_F23QB486
https://www.musinsa.com/app/goods/3296867	NASTY FANCY CLUB	[NF] 바네사 카라 니트 슬리브리스 (PURPLE)_F23QB250
https://www.musinsa.com/app/goods/3067051	LUV IS TRUE	DN ANGORA BOLERO SET(SKY BLUE)
https://www.musinsa.com/app/goods/3067056	LUV IS TRUE	DN DETAIL CARDIGAN(BLACK)
https://www.musinsa.com/app/goods/3213412		
https://www.musinsa.com/app/goods/3213399	KIRSH	체리 아치 로고 크롭 티셔츠 [아이보리]
https://www.musinsa.com/app/goods/2402005	CODEGRAPHY	[쿨코튼] CGP 아치 로고 티셔츠
https://www.musinsa.com/app/styles/views/34402		
https://www.musinsa.com/app/goods/3371156?loc=goods_rank	TRETORN	가르파 (TN203006-Black)
https://www.musinsa.com/app/goods/1092992?loc=goods_rank	OOFOS	OORIGINAL BLACK - 조리 블랙
https://www.carlynmall.com/m/product.html?branduid=3504565&search=Cozy&sort=new&xcode=001&mcode=012&scode=&GfDT=bm98W1w%3D	CARLYN	[New color] 칼린 코지 11colors_H72303010
https://www.carlynmall.com/m/product.html?branduid=3504565&search=Cozy&sort=new&xcode=001&mcode=012&scode=&GfDT=bG93UQ%3D%3D	CARLYN	[New color] 칼린 코지 11colors_H72303010
https://www.musinsa.com/app/goods/3055177/0?_gf=A	ARCHIVE BOLD	RED MOSS 3X3 T-SHIRTS (BLACK)
https://www.musinsa.com/app/goods/3102527	MARITHE FRANCOIS GIRBAUD	METAL CIRCLE LOGO KNIT BERET black
https://www.musinsa.com/app/goods/2819983/0	SOUNDSLIFE	Easy Track Jacket Grey
https://www.musinsa.com/app/goods/3130821	MUSINSA STANDARD	우먼즈 속바지 3팩
https://www.musinsa.com/app/goods/1436504	MUSINSA STANDARD	[쿨탠다드] 세미 와이드 히든 밴딩 슬랙스 [블랙]
https://www.musinsa.com/app/goods/3257279	LEMARD	투 플리츠 린넨 메쉬 자켓 - 라이트 블루
https://www.musinsa.com/app/goods/3176385/0		
https://www.musinsa.com/app/goods/3176385/0		
https://www.carlynmall.com/m/product.html?branduid=3505125&xcode=010&mcode=001&scode=&type=Y&sort=manual&cur_code=010001&GfDT=bGd3VA%3D%3D	CARLYN	칼린 베이브M 6colors_H73104020
https://marithe-official.com/product/detail.html?product_no=2625&cate_no=43&display_group=1	MARITHE	CLASSIC LOGO BIG SHOPPER BAG natural
https://marithe-official.com/product/detail.html?product_no=2625&cate_no=43&display_group=1	MARITHE	CLASSIC LOGO BIG SHOPPER BAG natural
https://www.carlynmall.com/m/product.html?branduid=3504565&xcode=010&mcode=001&scode=&type=Y&sort=manual&cur_code=010001&GfDT=bmx7W1w%3D	CARLYN	[New color] 칼린 코지 11colors_H72303010
https://www.carlynmall.com/m/product.html?branduid=3504565&xcode=010&mcode=001&scode=&type=Y&sort=manual&cur_code=010&GfDT=bm17W1g%3D	CARLYN	[New color] 칼린 코지 11colors_H72303010
https://www.carlynmall.com/m/product.html?branduid=3504877&xcode=010&mcode=007&scode=&type=Y&sort=manual&cur_code=010007&GfDT=bmx0W14%3D	CARLYN	[23SS] 칼린 포잉 5colors_H73101010
https://www.musinsa.com/app/goods/3325522	SOME PLACE	투웨이 나일론 라인 배색 트레이닝 와이드 밴딩 팬츠[블랙]
https://www.carlynmall.com/m/product.html?branduid=3504565	CARLYN	[New color] 칼린 코지 11colors_H72303010
https://www.musinsa.com/app/goods/3084493	CODEGRAPHY	CGP 오리진 호랑이 로고 반팔 티셔츠_4color
https://www.musinsa.com/app/goods/3201518	THISISNEVERTHAT	GD Good Ol’ Dancing Bears Hoodie Moss
https://www.musinsa.com/app/goods/2719623	THISISNEVERTHAT	(FW22) T-Logo Cap Ivory/Black
https://www.musinsa.com/app/goods/1580216	MARITHE FRANCOIS GIRBAUD	CLASSIC LOGO ECO BAG natural
https://www.musinsa.com/app/goods/2197634	MARITHE FRANCOIS GIRBAUD	CLASSIC LOGO DENIM ECO BAG dark blue
https://www.musinsa.com/app/goods/3044953	LMC	FLOWER BEAR TEE black
https://www.carlynmall.com/m/product.html?branduid=3504565&xcode=001&mcode=012&scode=&special=1&GfDT=bm9%2FW1w%3D	CARLYN	[New color] 칼린 코지 11colors_H72303010
https://www.musinsa.com/app/goods/2283929	CODEGRAPHY	CGP 아치 로고 후드 집업_멜란지그레이
https://marithe-official.com/product/detail.html?product_no=2020&cate_no=0&display_group=#none	MARITHE	CLASSIC LOGO HOODIE ZIPUP oatmeal
https://www.musinsa.com/app/goods/1890932	BADINBAD	페이드 아웃 로고 셔츠_카키
https://www.musinsa.com/app/goods/3148020	EDIT PLUS	뮬리 포켓 티셔츠 (블랙)
https://www.musinsa.com/app/goods/3148020	EDIT PLUS	뮬리 포켓 티셔츠 (블랙)
https://www.musinsa.com/app/goods/3118912	SCULPTOR	Sports Jersey Tee Pink
https://www.musinsa.com/app/goods/2630451	PHYSICAL EDUCATION DEPARTMENT	PHYPS® BASKETBALL DUNK SHOT SS BLACK / WHITE
https://www.musinsa.com/app/goods/2848967	PHYSICAL EDUCATION DEPARTMENT	PHYPS® MESH MOTORCYCLE RAGLAN LS BLACK
https://www.musinsa.com/app/goods/2813470	COVERNAT	우먼 하프 집업 맨투맨 헤더 그레이
https://www.musinsa.com/app/goods/2813470	COVERNAT	우먼 하프 집업 맨투맨 헤더 그레이
https://www.musinsa.com/app/goods/2749952	BITTERCELLS	에코 레더 레이싱 자켓-블랙
https://www.musinsa.com/app/goods/3407047/0	THE NORTH FACE	NN2PP68M 화이트라벨 플럼피 토트백
https://marithe-official.com/product/mouvement-classic-logo-tee-white/2491/category/174/display/1/	MARITHE	MOUVEMENT CLASSIC LOGO TEE white
https://www.musinsa.com/app/goods/3576789	JEEP	2PACK Half Zip-Up M-Logo Sweat (JO5TSU838) 3 Color
https://www.musinsa.com/app/goods/3248806?loc=goods_rank	MAISON MIHARA YASUHIRO	공용 피터슨 OG 솔 캔버스 하이탑 스니커즈 - 화이트 / A01FW701WHITE
https://www.musinsa.com/app/goods/3508560?loc=goods_rank	MANYOFACTORY	[사용기한 임박] 퓨어 클렌징 오일 400ml +55ml
https://www.musinsa.com/app/goods/2283932	CODEGRAPHY	CGP 아치 로고 후드 집업_그레이
https://www.carlynmall.com/m/product.html?branduid=3503438&search=Soft&sort=new&xcode=001&mcode=010&scode=&GfDT=amh3VQ%3D%3D	CARLYN	[New Color] 칼린 소프트M 9colors_H71307020
https://www.musinsa.com/app/goods/3471299?loc=goods_rank	MARDI MERCREDI	SWEATSHIRT FLOWERMARDI_BLACK PINK
https://www.musinsa.com/app/goods/3465311	NICEGHOSTCLUB	쓰리 스타 하프톤 심볼 후드 집업_차콜(NG2DFUM486A)
https://www.musinsa.com/app/goods/3508058	MOZMOZ	[SET] 배색 스포티 브이넥 맨투맨 트레이닝세트 백메란지
https://www.musinsa.com/app/goods/3563005	VENHIT	VNBC PLANET 후드티
https://www.carlynmall.com/shop/shopbrand.html?xcode=010&mcode=007&type=Y	CARLYN	
https://www.carlynmall.com/shop/shopbrand.html?xcode=010&mcode=007&type=Y	CARLYN	
https://musinsaapp.page.link/9qqcbxze5HnJsggx6	WOOALONG	Signature crop hood zip-up - BLACK
https://www.musinsa.com/app/goods/1231284	FCMM	[플리스 증정] 클럽 팀 파이핑 숏 패딩 점퍼 - 그레이
https://www.musinsa.com/app/goods/3493644	FCMM	[플리스 증정] 클럽 팀 사이드라인 숏 패딩 점퍼 2color
https://www.musinsa.com/app/goods/3596401?loc=goods_rank	GROVE	GRVR SPORTS_LACE COLLAR SWEAT SHIRTS (GRVR SPORTS_레이스카라 스웻셔츠)_BLACK
https://www.musinsa.com/app/goods/2970544	SLOW ACID	피치스킨 러스티 로고 스웨트셔츠 [딥블루]
https://marithe-official.com/product/w-circle-logo-zipup-cardigan-light-purple/3064/category/172/display/1/	MARITHE	W CIRCLE LOGO ZIPUP CARDIGAN light purple
https://www.carlynmall.com/m/product.html?branduid=3504565&search=Cozy&sort=new&xcode=001&mcode=012&scode=&GfDT=aGd3UQ%3D%3D	CARLYN	칼린 코지 11colors_H72303010
https://marithe-official.com/product/1020-%EC%98%88%EC%95%BD-%EB%B0%9C%EC%86%A1w-classic-logo-crop-hoodie-zipup-charcoal/2795/category/134/display/1/	MARITHE	[10/20 예약 발송]W CLASSIC LOGO CROP HOODIE ZIPUP charcoal
https://musinsaapp.page.link/eeH6bASZSCoC9T9B6	LEE	유니온 스웻 롱 스커트 오트밀
https://www.carlynmall.com/m/product.html?branduid=3504565&xcode=001&mcode=012&scode=&special=1&GfDT=bm18W1w%3D	CARLYN	칼린 코지 11colors_H72303010
https://www.musinsa.com/mz/brandsnap/view/347998		
https://www.musinsa.com/app/goods/2700048/0	MUSINSA STANDARD	우먼즈 캐시미어 블렌드 발마칸 로브 코트 [블랙]
https://musinsaapp.page.link/wYsABeZe283xYraS8	MODNINE	Love Free - MOD7s
https://musinsaapp.page.link/uTHa1vUmwTumur968	FALLETT	락밴드 로프 짐색 차콜
https://musinsaapp.page.link/1bKASHwR4oT816GG9	FALLETT	문라이트 반팔티 화이트
https://musinsaapp.page.link/GwkDjtDvBFp8Suvy9	MATIN KIM	MINI BUCKLE BAG IN BLACK
https://musinsaapp.page.link/MheEH5EUbpqZY5UE7	WHATITISNT	크루져 솔리드 뮬 클로그 베이지
https://musinsaapp.page.link/wxVgUAiid9Ee1FuE6	WHATITISNT	엔젤 나일론 미니 호보백 아이보리
https://musinsaapp.page.link/oNU9Fq5EbM2H3K1LA	WHATITISNT	우먼스 엔젤 와펜 크롭 후드 집업 라이트 멜란지 그레이
https://www.carlynmall.com/m/product.html?branduid=3504565&search=H72303010&sort=new&xcode=001&mcode=012&scode=&GfDT=bmp%2FW1w%3D	CARLYN	칼린 코지 11colors_H72303010
https://www.musinsa.com/app/goods/1774602	LUV IS TRUE	IN CROP KNIT CARDIGAN(BLUE)
https://www.musinsa.com/app/goods/3543293?loc=goods_rank	ADIDAS	삼바 Decon IF0642
https://www.carlynmall.com/shop/shopdetail.html?branduid=3505076&search=%25B1%25DB%25B7%25A5&sort=order&xcode=001&mcode=013&scode=&GfDT=bm9%2BW1w%3D	CARLYN	칼린 글램 3colors_H73102010
https://marithe-official.com/product/wool-blended-varsity-jacket-dark-navy/1736/category/168/display/1/#none	MARITHE	WOOL BLENDED VARSITY JACKET dark navy
https://www.musinsa.com/app/goods/3535646	REST&RECREATION	RR LOGO JACQUARD BEANIE_BEIGE
https://www.musinsa.com/app/goods/3535649	REST&RECREATION	RR LOGO COTTON BALL CAP_LIGHTGREY
https://www.musinsa.com/app/goods/3593714	FREI	T.G.I.F 자카드 니트(LIGHT GREY)
https://www.musinsa.com/app/goods/3585558	WV PROJECT	원더 유니버스 후드 블랙 MJHD7696
https://www.musinsa.com/app/goods/2154612	WV PROJECT	하이드디노 후드 코코아 JIHD7528
https://www.musinsa.com/app/goods/3390508?loc=goods_rank	STANDARDERROR	87-STAN009 [비건 스웨이드] 스탠다드 블루종 스웨이드 자켓 블랙
https://www.musinsa.com/app/goods/2052957	FALLETT	네로 맨투맨 아이보리
https://www.musinsa.com/app/goods/3596538?loc=goods_rank	SPAO	(담곰이) 따듯하담곰 퍼플리스 집업(WHITE)_SPFZD4VU20
https://product.29cm.co.kr/catalog/2280637	UMER	파나슈 백 (Brown)
https://product.29cm.co.kr/catalog/1687709	NOHANT	LOGO OXFORD SHIRT BROWN
https://www.musinsa.com/app/goods/3596538?loc=goods_rank	SPAO	(담곰이) 따듯하담곰 퍼플리스 집업(WHITE)_SPFZD4VU20
https://www.musinsa.com/app/goods/3596538?loc=goods_rank	SPAO	(담곰이) 따듯하담곰 퍼플리스 집업(WHITE)_SPFZD4VU20
https://www.musinsa.com/app/goods/3596538?loc=goods_rank	SPAO	(담곰이) 따듯하담곰 퍼플리스 집업(WHITE)_SPFZD4VU20
https://www.musinsa.com/app/goods/3596538?loc=goods_rank	SPAO	(담곰이) 따듯하담곰 퍼플리스 집업(WHITE)_SPFZD4VU20
https://www.musinsa.com/app/goods/3596538?loc=goods_rank	SPAO	(담곰이) 따듯하담곰 퍼플리스 집업(WHITE)_SPFZD4VU20
https://www.musinsa.com/app/goods/3596538?loc=goods_rank	SPAO	(담곰이) 따듯하담곰 퍼플리스 집업(WHITE)_SPFZD4VU20
https://www.musinsa.com/app/goods/3596538?loc=goods_rank	SPAO	(담곰이) 따듯하담곰 퍼플리스 집업(WHITE)_SPFZD4VU20
https://www.musinsa.com/app/goods/3596551?loc=goods_rank	SPAO	(담곰이) 따듯하담곰 퍼플리스 집업(BLACK)_SPFZD4VU20
https://www.musinsa.com/app/goods/3596551?loc=goods_rank	SPAO	(담곰이) 따듯하담곰 퍼플리스 집업(BLACK)_SPFZD4VU20
https://product.29cm.co.kr/catalog/1687709	NOHANT	LOGO OXFORD SHIRT BROWN
https://musinsaapp.page.link/4RhvoVDAV8nXtWjv9	NOHANT	SWIMMING LEAGUE T-SHIRT NAVY
https://www.musinsa.com/app/goods/3596551?loc=goods_rank	SPAO	(담곰이) 따듯하담곰 퍼플리스 집업(BLACK)_SPFZD4VU20
https://www.musinsa.com/app/goods/3480093?_gf=A	TIMBERLAND	남성 6인치 프리미엄 부츠 - 다크브라운 / A62KN-968
https://www.musinsa.com/app/goods/2723216	DIMITRI BLACK	(올시즌) 2WAY 어센틱 후드 윈드브레이커 자켓_올리브
https://www.musinsa.com/app/goods/3596075	FALLETT	어썸 캣 기모 맨투맨 블랙
https://www.carlynmall.com/m/product.html?branduid=3506107&xcode=010&mcode=001&scode=&type=Y&sort=manual&cur_code=010001&GfDT=bmx9W1w%3D	CARLYN	[23FW] 칼린 포잉 코튼 캔디_H73116010
https://www.musinsa.com/app/goods/2279423	FALLETT	부클 플라워 맨투맨 아이보리
https://www.musinsa.com/app/goods/2062553	FALLETT	부클 플라워 맨투맨 네이비
https://www.musinsa.com/app/goods/2314643	FALLETT	데미지 볼캡 베이지
https://www.musinsa.com/app/goods/3575358	CODEGRAPHY	(우먼) WAVE 로고 Hype 글로시 컬러링 크롭 푸퍼_7color
https://www.musinsa.com/app/goods/3593993	ATT	Race up sneakers (2colors)
https://www.musinsa.com/app/goods/3473472	FALLETT	스포츠 클럽 풋볼 져지 롱슬리브 네이비
https://www.musinsa.com/app/goods/3465022/0	NICEGHOSTCLUB	토네이도 로고 후디_차콜(NG2DFUM417A)
https://www.musinsa.com/app/goods/3603796	LEE	[22FW] 빅 트위치 루즈핏 맨투맨 BLACK
https://www.musinsa.com/app/goods/3448543	AT THE MOMENT	파라슈트 카고 팬츠 (6 Colors)
https://www.musinsa.com/app/goods/2306891/0	COVERNAT	서클 클로버 맨투맨 멜란지 그레이
https://musinsaapp.page.link/7k6AirtwbgE5iSGf7	FALLETT	데미지 볼캡 차콜
https://product.29cm.co.kr/catalog/2147358	BITTERCELLS	Belle Sweat Shirt-Navy
https://product.29cm.co.kr/catalog/2238010	THOMAS MORE	TD5-SW01 램스울 라운드 니트 (8 Color)
https://product.29cm.co.kr/catalog/2147358?source=brand	BITTERCELLS	Belle Sweat Shirt-Navy
https://product.29cm.co.kr/catalog/1401458?	BITTERCELLS	Heart Balloon Sweat Shirt-Navy
https://product.29cm.co.kr/catalog/2147360?	BITTERCELLS	Belle Sweat Shirt-Cream
https://product.29cm.co.kr/catalog/1950021	MMLG	[Mmlg] PLAY OXFORD SHIRT (BLUE)
https://product.29cm.co.kr/catalog/2120652	THE NORTH FACE	[노스페이스] 남성 뉴 퍼피 자켓 NJ3NP50A_BLK
https://product.29cm.co.kr/catalog/2282321	LOW TIDE	SCARF CARDIGAN [IVORY]
https://marithe-official.com/product/s-m-%EC%82%AC%EC%9D%B4%EC%A6%88-1027-%EC%98%88%EC%95%BD-%EB%B0%9C%EC%86%A1denim-overall-pants-light-blue/2805/category/291/display/1/	MARITHE	[S, M 사이즈 10/27 예약 발송]DENIM OVERALL PANTS light blue
https://www.musinsa.com/app/goods/2664933/0	CARLYN	코지 12colors_H72303010
https://www.musinsa.com/app/goods/2792347	FALLETT	스토리로고 롱 머플러 비비드 블루
https://www.musinsa.com/app/goods/2272830	SPAO	(시티보이) 오버핏 옥스포드 셔츠_SPYWD49C01
https://www.musinsa.com/app/goods/3418336	WHATITISNT	엔젤 자수 와펜 후디드 윈드브레이커 아이보리
https://www.musinsa.com/app/goods/3487465	SCULPTOR	Social Anxiety Hoodie Cherry Pink
https://musinsaapp.page.link/XsiN6BGPdKdTcam1A	SCULPTOR	Sports Color Block Sweatshirt Black
https://www.musinsa.com/app/goods/2796484	SCULPTOR	Sports Color Block Sweatshirt Black
https://www.musinsa.com/app/goods/3438912	CODEGRAPHY	CGP 아치 로고 후디_피스타치오
https://www.musinsa.com/app/goods/3473515	FALLETT	드로잉 가든 코위찬 니트 집업 네이비
https://www.musinsa.com/app/goods/2539708	WEVERYVALUE	브이넥 럭비맨투맨 스웨트 셔츠_네이비
https://www.musinsa.com/app/goods/2754491	ITZAVIBE	[IBC22UHD04BK] 캣 펄슨 레터링 후드 - 블랙
https://www.musinsa.com/app/goods/3391590?loc=goods_rank	SPAO	[깡스타일리스트 PICK] 라이트 자켓_SPJPD4TC01
https://www.musinsa.com/app/goods/3043898	CAVISH	ARCH SCRIPT HOODIE CHARCOAL(CV2DSUM407A)
https://www.musinsa.com/app/goods/3464912	EPT	SANTOS (BEIGE/WHITE)
https://www.musinsa.com/app/goods/2140335	PLACE STUDIO	비건 레더 오버핏 블루종 [블랙]
https://www.musinsa.com/app/goods/3540246?loc=goods_rank	THISISNEVERTHAT	T-Logo Hoodie Dark Grey
https://www.musinsa.com/app/goods/2814753/0	THISISNEVERTHAT	ET-Logo Hoodie Black
https://product.29cm.co.kr/catalog/2180779	EPT	SANTOS (BEIGE/WHITE)
https://www.musinsa.com/app/goods/1742320	MAHAGRID	COLLEGE LOGO HOODIE BLACK(MG2BSMM401A)
https://www.musinsa.com/app/goods/2271975	RETRIEVER CLUB	RETRIEVER FRIENDS HOODIE [NAVY]
https://www.musinsa.com/app/goods/3438912/0	CODEGRAPHY	CGP 아치 로고 후디_피스타치오
https://www.musinsa.com/app/goods/3104591	DEPOUND	비스킷백 숄더 토트 [블랙]
https://www.musinsa.com/app/goods/3474717	MARITHE FRANCOIS GIRBAUD	CLASSIC LOGO CORDUROY MINI BAG ivory
https://www.musinsa.com/app/goods/3603803	LEE	[22FW] 빅 트위치 루즈핏 후드 NAVY
https://www.musinsa.com/app/goods/2691217	LEE	트위치 로고 미니 투웨이 에코백 아이보리
https://product.29cm.co.kr/catalog/2246808?	FRI FLA	flo8908 point toe flat _ 3colors
https://www.musinsa.com/app/goods/2995119	TRILLION	컬러 배색 1992 그래픽 후드 (NAVY)
https://www.musinsa.com/app/goods/2754491	ITZAVIBE	[IBC22UHD04BK] 캣 펄슨 레터링 후드 - 블랙
https://www.musinsa.com/app/goods/3575993?loc=goods_rank	AOMG	Loco x TNT WEAK Mesh Gym Sack
https://www.musinsa.com/app/goods/3464912	EPT	SANTOS (BEIGE/WHITE)
https://www.musinsa.com/app/goods/2731239	SCULPTOR	Masterpiece Sheer Top Black
https://www.musinsa.com/app/goods/2997419	RETRIEVER CLUB	RUNNING RETRIEVER HOODIE [NAVY]
https://www.musinsa.com/app/goods/3605497	MCM	Tracy 스페니쉬 레더 지퍼 카드 케이스 MYACSPA01IW
https://www.musinsa.com/app/goods/2754491	ITZAVIBE	[IBC22UHD04BK] 캣 펄슨 레터링 후드 - 블랙
https://www.musinsa.com/app/goods/3464912/0	EPT	SANTOS (BEIGE/WHITE)
https://musinsaapp.page.link/i5AzXJdek5T57m669	DICKIES	프렌치 테리 릴렉스드 스몰 자수 로고 후드 티셔츠 - 블랙
https://www.musinsa.com/app/goods/3420667	BITTERCELLS	콜리지 레이어드 티-베이지
https://www.musinsa.com/app/goods/3464912	EPT	SANTOS (BEIGE/WHITE)
https://product.29cm.co.kr/catalog/1327656	COVERNAT	RDS 플러피 다운 파카 - 블랙
https://marithe-official.com/product/melange-rib-ma-1-jumper-beige/3079/category/134/display/1/	MARITHE	MELANGE RIB MA-1 JUMPER beige
https://marithe-official.com/product/new-classic-logo-hoodie-ivory/2852/category/173/display/1/	MARITHE	NEW CLASSIC LOGO HOODIE ivory
https://www.musinsa.com/app/goods/2368712	FALLETT	듀스 네로 반팔티 화이트
https://product.29cm.co.kr/catalog/1101687	ogarp	[한효주 착용]KNOCKIN LOGO B.B CAP NAVY
https://www.musinsa.com/app/goods/3132123	COVERNAT	C 로고 카라 바시티 자켓 네이비
https://musinsaapp.page.link/z5iymKa6rhy1TJUC6	UMBRO	샤무드 돔햇 블랙(UO423CHTN3)
https://musinsaapp.page.link/HuCQddtzdHsrj6Hg9	SCULPTOR	Vintage Canvas Duffel Bag Black
https://musinsaapp.page.link/mJu7aao6nmuZ7TmMA	PARTIMENTO	풋볼 저지 트랙 자켓 블랙
https://musinsaapp.page.link/y2ELTjSzQikcWjPJ8	PARTIMENTO	오버사이즈 멜톤 더플 롱 코트 네이비
https://musinsaapp.page.link/1TQiWNWZ9NpVq68TA	KENZO	남성 세일러 바시티 자켓 - 그린 / FD55BL1339ON57
https://musinsaapp.page.link/TLVd3eBsD69RZRhE7	KENZO	여성 세일러 워크 재킷 - 화이트 / FD52VE0379RT02
https://www.musinsa.com/app/goods/2795858	WILD BRICKS	HT TWEED HUNTING CAP (brown)
https://musinsaapp.page.link/ZHRwZDjgj7FtVzek9	CHAMPION	[ASIA] Reverse Weave® 115 (블루택) 기모 후드스웨트셔츠 (NORMAL GREY) CKTS3F506G2
https://musinsaapp.page.link/kuW6goVpm8v27d7M6	SCULPTOR	Vintage Canvas Duffel Bag Black
https://product.29cm.co.kr/catalog/1849431?naver_code=naver_ep&utm_content=conversion_navershopping&BSPRG=NAVERSH&utm_medium=display&BSCCN1=1849431&BSCPN=CMCOM&utm_campaign=conversion_navershopping&utm_source=naver&utm_term=1849431&NaPm=ct%3Dlo84h96g%7Cci%3D8b2f430587f2c0decf777db9574a389f00894d53%7Ctr%3Dslsl%7Csn%3D248430%7Chk%3D607fb75a794a78b0f4bba087a51030bfbb3e82ae	FIND KAPOOR	마크백 18 크링클드 - 블랙
https://www.carlynmall.com/shop/shopdetail.html?branduid=3503438&search=%25BC%25D2%25C7%25C1%25C6%25AE&sort=order&xcode=001&mcode=010&scode=&GfDT=bmp3UA%3D%3D	CARLYN	칼린 소프트M 9colors_H71307020
https://www.carlynmall.com/shop/shopdetail.html?branduid=3503439&search=%25BC%25D2%25C7%25C1%25C6%25AE&sort=order&xcode=001&mcode=010&scode=&GfDT=bmx4W14%3D	CARLYN	칼린 소프트L 6colors_H71307010
https://www.carlynmall.com/shop/shopdetail.html?branduid=3504565&xcode=010&mcode=007&scode=&type=Y&sort=manual&cur_code=010007&GfDT=bml3UQ%3D%3D	CARLYN	[New Color] 칼린 코지 15colors_H72303010
https://www.carlynmall.com/shop/shopdetail.html?branduid=3505130&xcode=010&mcode=007&scode=&type=Y&sort=manual&cur_code=010007&GfDT=Zmt3UF8%3D	CARLYN	[23SS] 칼린 코지L 3colors_H73112010
https://www.carlynmall.com/shop/shopdetail.html?branduid=3505365&xcode=010&mcode=007&scode=&type=Y&sort=manual&cur_code=010007&GfDT=bmt8W1U%3D	CARLYN	[New Color][23SS] 칼린 코지 글레이즈 5colors_H73109010
https://www.carlynmall.com/shop/shopdetail.html?branduid=3504877&xcode=010&mcode=007&scode=&type=Y&sort=manual&cur_code=010007&GfDT=a2p3UF0%3D	CARLYN	[New Color] 칼린 포잉 7colors_H73101010
https://www.musinsa.com/app/goods/3647012	MUSINSA STANDARD	스웨트셔츠 [블랙]
https://musinsaapp.page.link/mZaAtYGncQMtDvod8	CODEGRAPHY	[패키지][FW버전] 나일론 스트링 팬츠 & 카고 팬츠
https://musinsaapp.page.link/56bDMqNtGahKHLqC9	CODEGRAPHY	C.GRAPHY 배색 니트 집업_3color
https://musinsaapp.page.link/bXAEyfe2yzXnHv4H6	VIDEO JOCKEY	입으면 바로 힙스터 후디 [블랙]
https://www.musinsa.com/app/goods/2052957	FALLETT	네로 맨투맨 아이보리
https://musinsaapp.page.link/dzfCpx33q4CtY6up9	ROMANTIC CROWN	21C BOYS FLAG HOOD_OATMEAL
https://musinsaapp.page.link/BjpYykZFLi9nS47G9	ROMANTIC CROWN	RC 로고 봄버 자켓_네이비
https://musinsaapp.page.link/3c1sFXurfgfPGXgu5	ROMANTIC CROWN	WORLD MAP LONG SLEEVE_OATMEAL
https://musinsaapp.page.link/psdnrVvWjc7Dm6DA6	BVH EYEWEAR	Damian 70s
https://musinsaapp.page.link/KyW4E8ZqvCr9fCmk6	FALLETT	네로 맨투맨 아이보리
https://musinsaapp.page.link/bym2DAGRH4zTE2gA7	LEE	롱기장 후드 패딩 코트 블랙
https://www.musinsa.com/app/goods/3079536	LEE	슬럽 스트라이프 집업 가디건 샌드 베이지
https://musinsaapp.page.link/W7Tvaq2AiP4eFC1p6	UMBRO	퍼 고소모 딥 네이비(UO421CCPN2)
https://musinsaapp.page.link/fRSJqEKhKpbrGJdj7	THE NORTH FACE	NE3CP59A 웜 이어머프 캠프 캡
https://www.musinsa.com/app/goods/3616974?loc=goods_rank	ADIDAS	가젤 볼드 W - 베이지:그린 / ID7056
https://musinsaapp.page.link/i4GnxGdN18qoHWMN9	AMES-WORLDWIDE	COLORED LOGO BEANIE_BK(21FWCP03)
https://musinsaapp.page.link/2V4mtTDh2PLooiNP7	MAHAGRID	RACING ZIP-UP KNIT CARDIGAN IVORY(MG2DFMK681A)
https://product.29cm.co.kr/catalog/2043427	Märchen	[연예인착용] Logo knitting strap bucket hat_3color
https://product.29cm.co.kr/catalog/2305883?	YIYAE	Oblique Bomber Jacket _ Fluffy Khaki
https://product.29cm.co.kr/catalog/2305868?	YIYAE	High Neck Jacket _ Midnight
https://musinsaapp.page.link/wsb5z1LQr2ynsUBn6	ISTKUNST	IK 스튜디오 후디 라이트그레이(IK2CFMM420A)
https://www.musinsa.com/app/goods/3390511?loc=goods_rank	STANDARDERROR	87-STAN009 [비건 스웨이드] 스탠다드 블루종 스웨이드 자켓 카키
https://www.carlynmall.com/m/product.html?branduid=3504565&search=cozy&sort=new&xcode=001&mcode=012&scode=&GfDT=Z2x3UQ%3D%3D	CARLYN	[New Color] 칼린 코지 15colors_H72303010
https://musinsaapp.page.link/2Lob7JJW1uRLV3g3A	TRILLION	브이넥 풀 오버 그래픽 웜 업 (NAVY)
https://www.musinsa.com/app/goods/3585225?loc=goods_rank	KIIMUIR	(덕 다운) 코듀로이 헤링턴 다운 점퍼
https://www.musinsa.com/app/goods/2721629?loc=goods_rank	CHLOE	여성 스몰 테스 숄더백 - 모티 그레이 / CHC22SS153G3123W
https://product.29cm.co.kr/catalog/1532159	Fallett	크랙 레더 문백 블랙
https://www.musinsa.com/app/goods/3072390	CROSSDRESSLY	샤이닝 스타 집업
https://www.musinsa.com/app/goods/3274748	CROSSDRESSLY	스포츠클럽 스웻쇼츠
https://musinsaapp.page.link/WemLQ8L4bb7bhcHNA	ISTKUNST	뉴 로고 피그먼트 후드 집업 차콜(IK2CFMM485A)
https://musinsaapp.page.link/bHCmm2c5TXC4UfXh7	LEE	바시티 자켓 블랙
https://www.musinsa.com/app/goods/3529208	COVERNAT	RDS 커버라이트 카라리스 다운 라이트 그레이
https://www.musinsa.com/app/goods/3580467?utm_source=google_shopping&utm_medium=sh&source=GOSHSAP001&gclid=Cj0KCQjwtJKqBhCaARIsAN_yS_k-1Dy9CA7BgBuqxG6W7PBIaBPawTCpdoGu3tfrYSgCdFQi1oilBAUaAow_EALw_wcB	KIRSH	빅 체리 스웻셔츠 [블랙]
https://www.musinsa.com/app/goods/3580467?utm_source=google_shopping&%3Butm_medium=sh&%3Bsource=GOSHSAP001&%3Bgclid=Cj0KCQjwtJKqBhCaARIsAN_yS_k-1Dy9CA7BgBuqxG6W7PBIaBPawTCpdoGu3tfrYSgCdFQi1oilBAUaAow_EALw_wcB&_gf=A	KIRSH	빅 체리 스웻셔츠 [블랙]
https://musinsaapp.page.link/zeeYaw8BW6ej99Za9	PHYSICAL EDUCATION DEPARTMENT	PHYPS® STAR TAIL LOGO SS NAVY
https://musinsaapp.page.link/tDfaeJpSPEYqchWK9	AVANDRESS	Ailey crop shortsleeve shirt - 4COL
https://musinsaapp.page.link/XaaGS9fMswRmEPjdA	ISTKUNST	UUU 로고 컬러링 풀 오버 후디 오트밀(IK2CFMM419A)
https://musinsaapp.page.link/DxSciPd1YbqBERt29	TIMCOMIX	8 BALL SS BEIGE
https://musinsaapp.page.link/9yWnuVpfuiZFoLmq8	ISTKUNST	UUU 로고 컬러링 풀 오버 후디 오트밀(IK2CFMM419A)
https://musinsaapp.page.link/JhoRc71qAErSLA4X8	MAHAGRID	TAZ COWICHAN KNIT SWEATER CREAM(MG2DFMK680B)
https://musinsaapp.page.link/ix2U7uwd9vfW7ffH8	AVANDRESS	Rugby Striped Knit GREEN
https://musinsaapp.page.link/U6wjYYHWYQivcZFy6	GLW	오버핏 울 더플 코트 네이비
https://product.29cm.co.kr/catalog/1877730?utm_content=conversion_navershopping&BSPRG=NAVERSH&utm_medium=display&BSCCN1=1877730&BSCPN=CMCOM&utm_campaign=conversion_navershopping&utm_source=naver&utm_term=1877730&naver_code=naver_ep&NaPm=ct%3Dlojv2k6w%7Cci%3Ddcaa7a402aeb6c3ee4251ea053f8dbf6fc266329%7Ctr%3Dslsc%7Csn%3D248430%7Chk%3D4e3b8abd2495e951a6a1cd1ca9945450d94ab88e	JANSPORT	호프만 BLACK
https://musinsaapp.page.link/exHNQHTWK1VqMdZd9	NOT4NERD	Tribal Logo Nylon Racing Jacket - Black
https://marithe-official.com/product/detail.html?product_no=2054&cate_no=43&display_group=1	MARITHE	[11/6 예약 발송]3PACK EMBROIDERY SOCKS multi
https://musinsaapp.page.link/3Gd9mq3NwWGkENUa7	NASTYKICK	[NSTK] Kinsum Hoodie (Black)_K22ZB735
https://musinsaapp.page.link/MRUzepozTNsHu9pr9	NOT4NERD	Tribal Logo Nylon Racing Jacket - Black
https://musinsaapp.page.link/RwN5raLsCAE9i1AM9	NASTYKICK	[NSTK] Kinsum Hoodie (Black)_K22ZB735
https://musinsaapp.page.link/J3zjxTrchSYwFCoh9	LMR	LETTERING CHARACTER OVERSIZED FIT SHORT SLEEVE WHITE BLUE
https://musinsaapp.page.link/gsTfXPMwfMigpHNA9	VENHIT	블루레빗 후드티
https://www.musinsa.com/app/goods/3630108	DOUBLE JD	하트 자수 꽈배기 케이블 니트 (블랙)
https://www.musinsa.com/app/goods/2682715	WHATITISNT	[22FW]ANGEL CLASSIC V-NECK KNIT IVORY
https://product.29cm.co.kr/catalog/1898470?utm_source=naver&utm_term=1898470&naver_code=naver_ep&utm_content=conversion_navershopping&BSPRG=NAVERSH&utm_medium=display&BSCCN1=1898470&BSCPN=CMCOM&utm_campaign=conversion_navershopping&NaPm=ct%3Dlom7qw5s%7Cci%3Dc0e2e7e64af9ef7eadbae9d76ea75445bcc5b987%7Ctr%3Dslsl%7Csn%3D248430%7Chk%3D406910ba9eec2596129096e612ef3c3301aa45b9	MARITHE FRANCOIS GIRBAUD	3PACK EMBROIDERY SOCKS multi
https://product.29cm.co.kr/catalog/1898470?utm_source=naver&utm_term=1898470&naver_code=naver_ep&utm_content=conversion_navershopping&BSPRG=NAVERSH&utm_medium=display&BSCCN1=1898470&BSCPN=CMCOM&utm_campaign=conversion_navershopping&NaPm=ct%3Dlom82quw%7Cci%3D16679e70e4bbedd027dab3d877c4ccd2a02ce37c%7Ctr%3Dslsl%7Csn%3D248430%7Chk%3Dee5584ad8468f71425357f1c71cd781e9573ec77	MARITHE FRANCOIS GIRBAUD	3PACK EMBROIDERY SOCKS multi
https://musinsaapp.page.link/RhAEJ6nQLJSrxPyBA	EBBETSFIELD	EBFD 베츠 반팔 티셔츠 블루
https://www.musinsa.com/app/goods/3432275	CITY BREEZE	시티 스트레이트 데님 팬츠_CREAM
https://musinsaapp.page.link/o8M7HPoTPJuNbkXo8	AJOBYAJO	[PBA] Total Logo Nylon Hoodie [LIGHT GREY]
https://musinsaapp.page.link/CPuMqgHjPBiacZJt5	WOOALONG	Signature Logo ball cap - BLACK
https://musinsaapp.page.link/WmcibLnwz1RjnwPZA	YESEYESEE	Bookstore Cap Beige/Purple
https://musinsaapp.page.link/4K5EoWdYakKvJnTX9	MAINBOOTH	[Pat&Mat] BFF Phone Case
https://www.musinsa.com/app/goods/2138503?_gf=A	APOSTROPHE COMMA	베이직 풀 네임 로고 후디 (라이트그린/화이트)
https://www.musinsa.com/app/goods/2138549?_gf=A	APOSTROPHE COMMA	베이직 풀 네임 로고 후디 (네이비/화이트)
https://marithe-official.com/product/classic-logo-color-block-raglan-sweatshirt-navy/2785/	MARITHE	CLASSIC LOGO COLOR BLOCK RAGLAN SWEATSHIRT navy
https://musinsaapp.page.link/3Gd9mq3NwWGkENUa7	NASTYKICK	[NSTK] Kinsum Hoodie (Black)_K22ZB735
https://www.musinsa.com/app/goods/3211815	LEE	[22SS] 빅 트위치 로고 티셔츠 White
https://www.musinsa.com/app/goods/1771137	LEE	스몰 트위치로고 코튼 커브 볼캡 베이지
https://www.musinsa.com/app/goods/3417480	WHATITISNT	뉴엔젤 와펜 후드집업 블랙
https://www.musinsa.com/app/goods/3020518	THE NORTH FACE	NN2PN90B 플리스 파우치 라운드
https://www.musinsa.com/app/goods/3552265	ROCKFISH WEATHERWEAR	ORIGINAL FUR COLLAR SLIP-ON - 4color
https://musinsaapp.page.link/yNGrS67Sr3sQsFWv7	AVANDRESS	Rugby Striped Knit GREEN
https://musinsaapp.page.link/iuuMwX4uTYhBuy6D8	A.P.C.	남성 VPC 로고 반소매 티셔츠 - 화이트 / COBQXH26586IAK
https://musinsaapp.page.link/1YuuukJgDDfp9b3s9	A.P.C.	남성 레이몬드 반소매 티셔츠 - 화이트 / COEZCH26840AAB
https://musinsaapp.page.link/rkBP2YsqtKZW1jG88	A.P.C.	여성 데니스 로고 엠브로이더드 반소매 티셔츠 - 화이트 / COEAVDF26842AAB
https://musinsaapp.page.link/VzVopS49TZUtLRgs7	A.P.C.	남성 VPC 반소매 티셔츠 - 화이트 / COBQXH26586IAK
https://musinsaapp.page.link/Keg8MGN6gDNNKUE8A	AVANDRESS	Rugby Striped Knit GREEN
https://musinsaapp.page.link/PmGdBHzuTb31qnWU6	AVANDRESS	Rugby Striped Knit BLACK
https://musinsaapp.page.link/vGHfbiWLEqCRZwJc7	TIMCOMIX	8 BALL SS BLACK
https://musinsaapp.page.link/Zwq48Ye8ZbC3t5mN7	AVANDRESS	BUCKLE WIDE DENIM PANTS GREY
https://www.musinsa.com/app/goods/3440370	CRITIC	WORMHOLE LOGO BEANIE BLACK
https://www.musinsa.com/app/goods/3440410	CRITIC	RACING ZIP-UP KNIT NAVY
https://www.musinsa.com/app/goods/1900341	CRITIC	FOREST WARS 반팔 티셔츠 Black
https://www.musinsa.com/app/goods/2875550?utm_source=naver_jisicshopping&utm_medium=sh&source=NVSH&utm_term={keyword}&utm_content={ad_group}&NaPm=ct%3Dloprx39s%7Cci%3D5c2d74ffc7aba5af7905e13ed42cac85145b8c3c%7Ctr%3Dslsbrc%7Csn%3D204973%7Chk%3D97992ef64447a3cebebf8a16a91c5e420c44a1bb	AND Z	후드 탈착 덕다운 푸퍼_BLC4JP1002BK
https://www.musinsa.com/app/goods/2820200?utm_source=app_ANDROID&utm_medium=copy&utm_campaign=2023-10-04T21:31:17+0900&utm_content=077300107d44b3cb9b0cf31a77b23bf7	FAKE JAZZ SOCIAL CLUB	EAR 폰케이스
https://musinsaapp.page.link/wqvjMzyrdayPMm777	AMES-WORLDWIDE	COLORED LOGO BEANIE_BK(21FWCP03)
https://musinsaapp.page.link/L1kHx5tdbKJDEjc56	FAKE JAZZ SOCIAL CLUB	EAR 폰케이스
https://musinsaapp.page.link/aAzamVnTUxhJjvUR6	MAINBOOTH	[Pat&Mat] BFF Phone Case
https://musinsaapp.page.link/FxJVAr32kC5Y17REA	KIIMUIR	(덕 다운) 카라 숏 다운 점퍼_핑크
https://musinsaapp.page.link/DqtjrBWtzWBt2pkz9	LAMINEZ	포인트 스냅 핸드메이드 코트 - 베이지
https://musinsaapp.page.link/Wg7VYytqRUwpEffK7	PLACE STUDIO	골덴 카라 크롭 바시티 스타디움 레더 배색 자켓 점퍼
https://musinsaapp.page.link/H5YV9aqyMXKfeNds6	LEE	[22FW] 빅 트위치 루즈핏 맨투맨 BLACK
https://www.musinsa.com/app/goods/3392006	ASICS	젤-1130 MSS SMU - 스틸 그레이:퓨어 실버 / 1201A934-020
https://musinsaapp.page.link/xCXAHBuJSbwztZXT7	LEE	[22FW] 빅 트위치 루즈핏 맨투맨 BLACK
https://marithe-official.com/product/circle-logo-embroidery-wool-beret-black/2988/category/190/display/1/	MARITHE	CIRCLE LOGO EMBROIDERY WOOL BERET black
https://www.musinsa.com/app/goods/3432275	CITY BREEZE	시티 스트레이트 데님 팬츠_CREAM
https://musinsaapp.page.link/j59Lbftr6GJJPF3v5	AVANDRESS	UNISEX LAUREL OVERSIZED HOODIE BLACK
https://marithe-official.com/product/w-classic-logo-crop-sweatshirt-ivory/1600/category/176/display/1/#none	MARITHE	W CLASSIC LOGO CROP SWEATSHIRT ivory
https://www.musinsa.com/app/goods/3199049	WAIKEI	말티즈 아카이브 라인 그래픽 반팔티셔츠 화이트
https://www.musinsa.com/app/goods/3465305	NICEGHOSTCLUB	[기모]구미 베어 & 로고 후드 집업_차콜(NG2DFUM480A)
https://www.musinsa.com/app/goods/2754464	EBBETSFIELD	베츠 카라리스 플리스 자켓 아이보리
https://www.musinsa.com/app/goods/2725108	EBBETSFIELD	[2022FW] 베츠 와펜 후드집업 그레이
https://www.musinsa.com/app/goods/2533928/0	EBBETSFIELD	더블 베츠 와펜 반팔티 네이비
https://www.musinsa.com/app/goods/3105104	EBBETSFIELD	베츠 멀티 스트라이프 반팔 티셔츠 스카이블루
https://www.musinsa.com/app/goods/3105106	EBBETSFIELD	베츠 망점 그래픽 반팔 티셔츠 스카이블루
https://www.musinsa.com/app/goods/1939099	EBBETSFIELD	쿨코튼 2-PACK 베츠 기본 반팔 티셔츠 블랙/화이트
https://www.musinsa.com/app/goods/2725089/0	EBBETSFIELD	베츠 코튼 가디건 민트
https://www.musinsa.com/app/goods/2777968/0	COVERNAT	[22FW] 플리스 카라리스 자켓 스카이 블루
https://www.musinsa.com/app/goods/3310057	COVERNAT	22S/S 어센틱 로고 티셔츠 화이트
https://www.musinsa.com/app/goods/3086642/0	COVERNAT	어센틱 로고 티셔츠 라이트 블루
https://musinsaapp.page.link/Yw5fif9v68WSTHyH9	ROMANTIC CROWN	RMTCRW 럭비 셔츠_라이트 그레이
https://musinsaapp.page.link/vSGdk4yuVywgGC4i7	LOOKING4U	더캡 앙고라 방울 니트 보닛햇 C2 네이비
https://www.musinsa.com/app/goods/3443214?_gf=A	LIKE THE MOST	우먼 리나모스트 소프트 오버핏 후드
https://www.musinsa.com/app/goods/2777966/0	COVERNAT	[22FW] 플리스 카라리스 자켓 라이트 그레이
https://www.musinsa.com/app/goods/3602369	CODEGRAPHY	[DIVO] RDS 유틸리티 덕다운 후드 숏패딩_라이트베이지
https://www.musinsa.com/app/goods/746280	COVERNAT	어센틱 로고 티셔츠 화이트
https://www.carlynmall.com/m/product.html?branduid=3506487&xcode=010&mcode=001&scode=&type=Y&sort=manual&cur_code=010001&GfDT=bWp3VQ%3D%3D	CARLYN	[23FW] 칼린 트위 미니 코튼캔디 Pastel pink_H73313010
https://www.musinsa.com/app/goods/3363780	KUL	P.B.P (Black denim)
https://www.musinsa.com/app/goods/3392006	ASICS	젤-1130 MSS SMU - 스틸 그레이:퓨어 실버 / 1201A934-020
https://www.musinsa.com/app/goods/3392006	ASICS	젤-1130 MSS SMU - 스틸 그레이:퓨어 실버 / 1201A934-020
https://www.musinsa.com/app/goods/3011224	CODEGRAPHY	[SET] (긴바지 OR 반바지 선택) 90S CGP 믹스 배색 후디 셋업_네이비
https://www.musinsa.com/app/goods/1264107	NEIKIDNIS	메쉬 스트링 백팩 블랙
https://product.29cm.co.kr/catalog/1659944?source=search&source_keyword=%EB%B0%98%EC%8A%A4%20%EC%8A%AC%EB%A6%BD%EC%98%A8	VANS	슬립온 VR3 - 팝 옐로우 : 화이트 / VN0007NCU4L1
https://www.musinsa.com/app/goods/3074846	COVERNAT	드로잉 로고 롱슬리브 화이트
https://www.musinsa.com/app/goods/3011238	CODEGRAPHY	90S CGP 믹스 배색 후디_네이비
https://www.musinsa.com/app/goods/3392006	ASICS	젤-1130 MSS SMU - 스틸 그레이:퓨어 실버 / 1201A934-020
https://musinsaapp.page.link/BPfCUT3jJLNuH5ut6	ROMANTIC CROWN	사이드 버튼 와이드 베스트_네이비
https://musinsaapp.page.link/u2sviwkCgTjqGujb9	ROMANTIC CROWN	와이드 스트링 팬츠_블랙
https://www.musinsa.com/app/goods/3211815	LEE	[22SS] 빅 트위치 로고 티셔츠 White
https://www.musinsa.com/app/goods/3432275	CITY BREEZE	시티 스트레이트 데님 팬츠_CREAM
https://musinsaapp.page.link/2u91AUa7uxsYM8Vm8	MATIN KIM	LETTERING BALL CAP IN BROWN
https://musinsaapp.page.link/fsxxoJYV2RRzBNhs8	MLB	뉴 젤리 비니 NY (Lavender)
https://musinsaapp.page.link/psQ7dAWMsp2UGPqTA	MATIN KIM	LETTERING WASHED BALL CAP IN BLACK
https://www.musinsa.com/app/goods/3432275	CITY BREEZE	시티 스트레이트 데님 팬츠_CREAM
https://www.musinsa.com/app/goods/3411703?loc=goods_rank	THE NORTH FACE	NJ3NP55A 남성 눕시 온볼 자켓
https://www.musinsa.com/app/goods/3682262?loc=goods_rank	ADIDAS	토바코 그루엔 - 브라운 / GX6941
https://musinsaapp.page.link/nsAqrJ5EsWrVq1K59	ROMANTIC CROWN	핸드 스티치 니트 트루퍼 햇_오트밀
https://www.musinsa.com/app/goods/3465118	VENHIT	BLACK PLANET 자카드 니트[IVORY]
https://musinsaapp.page.link/xLzmTLyDsW3SAMnY8	ROMANTIC CROWN	차일드 후드 바시티 자켓_네이비
https://www.musinsa.com/app/goods/3489048	ROMANTIC CROWN	스웨트 니트 믹스 집업 후디_라이트 그레이
https://www.musinsa.com/app/goods/3153849	ODDTYPE	언씬 미러 틴트 10color
https://www.musinsa.com/app/goods/3153848	ODDTYPE	[NEW Color]언씬 블러 틴트 14color
https://www.musinsa.com/app/goods/3153848?_gf=A	ODDTYPE	[NEW Color]언씬 블러 틴트 14color
https://musinsaapp.page.link/UsAmfWUpfTjMHC1Y7	CPGN STUDIO	[광복절 기념] Liberated on Aug 15th 후드 집업
https://www.musinsa.com/app/goods/3528104	CERRIC	HEART BOAT NECK TOP / IVORY
https://product.29cm.co.kr/catalog/2197765	FOTTSFOTTS	Bowling Bag (Black)
https://musinsaapp.page.link/UNqvxZcTTrWPZmZc9	CHUCK	어센틱 클럽 래글런 후디 (오트밀)
https://www.musinsa.com/app/goods/3058329	CRITIC	Flame Logo Hoodie Charcoal
https://www.musinsa.com/app/goods/1934891	CRITIC	MAGIC 쇼츠 Burgundy
https://www.musinsa.com/app/goods/2386391	CRITIC	MELTING LOGO 스웨트셔츠 M/Grey
https://musinsaapp.page.link/yNrkCAAZFbZUaD5n9	AMES-WORLDWIDE	COLORED LOGO BEANIE_BK(21FWCP03)
https://www.musinsa.com/app/goods/3440370	CRITIC	WORMHOLE LOGO BEANIE BLACK
https://www.musinsa.com/app/goods/2879846	MELANGE MASTER	와이드 원 턱 스웨트 팬츠 [블랙]
https://www.musinsa.com/app/goods/1523839	LMC	SYSTEM CHIFLEY BACKPACK black
https://marithe-official.com/product/1218-%EC%98%88%EC%95%BD-%EB%B0%9C%EC%86%A1classic-logo-beanie-beige/1997/	MARITHE	[12/18 예약 발송]CLASSIC LOGO BEANIE beige
https://marithe-official.com/product/circle-logo-embroidery-wool-beret-navy/2989/	MARITHE	CIRCLE LOGO EMBROIDERY WOOL BERET navy
https://marithe-official.com/product/denim-washing-logo-ball-cap-blue/2661/	MARITHE	DENIM WASHING LOGO BALL CAP blue
https://marithe-official.com/product/circle-logo-embroidery-wool-beret-light-heather-gray/2990/category/190/display/1/	MARITHE	CIRCLE LOGO EMBROIDERY WOOL BERET light heather gray
https://musinsaapp.page.link/g8qPa248Kgr74TPg6	COVERNAT	오버핏 아치 로고 하프 집업 맨투맨 헤더 그레이
https://www.musinsa.com/app/goods/3584712	MAISON MINED	PINCH WASHED HOOD ZIP-UP BLUE
https://product.29cm.co.kr/catalog/1954300	Matin Kim	VINTAGE DENIM SPORTY TOTE BAG IN SKY
https://musinsaapp.page.link/CL6qrEsw5SDM6H2y7	COVERNAT	오버핏 아치 로고 하프 집업 맨투맨 헤더 그레이
https://musinsaapp.page.link/gr4eJPbM8Bs15nRx8	NASTY FANCY CLUB	[NF] 하이커 니트 후드 집업 (IVORY)_F23ZA948
https://musinsaapp.page.link/YRycxnTAmHbkpufR8	NASTYKICK	[NK] Pitchy Raglan Longsleeve (Brown)_K23ZB200
https://musinsaapp.page.link/rQ92xrQoRCQPiiaM9	NASTY FANCY CLUB	[PPG X FANCY] 베이스볼 레글런 나일론 웜업 (BLACK)_F23PG1030
https://www.musinsa.com/app/goods/3487449	SCULPTOR	Triple Layered L/S Tee Pale Blue
https://www.musinsa.com/app/goods/3057126	GRAILZ	ESSENTIAL OVERSIZED HOODIE [GREY]
https://www.musinsa.com/app/goods/2482269?loc=goods_rank	THE NORTH FACE	NJ1DP75A 남성 1996 에코 눕시 자켓
https://www.musinsa.com/app/goods/2398564	CRITIC	2TUCK 빅 와이드 팬츠 Black
https://www.musinsa.com/app/goods/3489230	CRITIC	CARPENTER ALIEN PANTS PINK
https://product.29cm.co.kr/catalog/1984555?source=brand	WKNDRS	DENIM SHORTS (L.DENIM)
https://musinsaapp.page.link/WYC8GBHf9sbsfG5k7	CPGN STUDIO	Enjoy CAT 자수 후드 집업 크림
https://musinsaapp.page.link/2hf2sPbKk2fNJDXn8	CPGN STUDIO	My Sunshine 자수 후드티 크림
https://musinsaapp.page.link/gbFK9uMAHp2ZTCN77	WV PROJECT	포지스 반팔티셔츠 아이보리 JIST7658
https://musinsaapp.page.link/YJRtqVr9E22S8fzWA	WV PROJECT	컵스카우트 카라 맨투맨 페일핑크 JIMT7619
https://musinsaapp.page.link/m8fYXb1fwREDREj87	AMBLER	TEDDY BEAR CLUB 오버핏 반팔 티셔츠 AS1028 (백멜란지)
https://musinsaapp.page.link/Bpe2aYKunsLxTorz5	CPGN STUDIO	[광복절 기념] Liberated on Aug 15th 후드 집업
https://musinsaapp.page.link/nmf5q26L5L6UmKUWA	ROMANTIC CROWN	라운드 카라 파이핑 셔츠_베이지
https://musinsaapp.page.link/QPzQ1rTYps9nA1179	AMES-WORLDWIDE	COLORED LOGO BEANIE_BK(21FWCP03)
https://musinsaapp.page.link/FurcYecZw6bF8qpu5	PHYSICAL EDUCATION DEPARTMENT	PHYPS® STAR TAIL HOODIE ZIP UP NAVY
https://www.musinsa.com/app/goods/2754246	EBBETSFIELD	베츠 캐시미어 니트 블랙
https://www.musinsa.com/app/goods/2319012	EBBETSFIELD	베츠 테리클로스 피케 셔츠 아이보리
https://www.musinsa.com/app/goods/2725108	EBBETSFIELD	[2022FW] 베츠 와펜 후드집업 그레이
https://www.musinsa.com/app/goods/2086877	EBBETSFIELD	[2022FW] 베츠 와펜 후드집업 블랙
https://www.musinsa.com/app/goods/2289616	EBBETSFIELD	베츠 로고 하프집업 크루넥 그레이
https://www.musinsa.com/app/goods/2754600	EBBETSFIELD	플라워 자카드 니트 베이지
https://www.musinsa.com/app/goods/2954643	EBBETSFIELD	더블 베츠 와펜 맨투맨 스카이블루
https://marithe-official.com/product/1130-%EC%98%88%EC%95%BD-%EB%B0%9C%EC%86%A1w-classic-logo-crop-sweatshirt-navy/1768/category/176/display/1/	MARITHE	[11/30 예약 발송]W CLASSIC LOGO CROP SWEATSHIRT navy
https://musinsaapp.page.link/PeLooTW1WBZAqkdN9	FALLETT	드로잉 가든 코위찬 니트 집업 아이보리
https://musinsaapp.page.link/qZE1BUTsoTZmQZYx7	NASTY FANCY CLUB	[PPG X FANCY] 레더 포인트 바시티 자켓 (BLACK)_F23PG1038
https://www.musinsa.com/app/goods/1551949	GROOVE RHYME	BASIC LOGO EMB HOOD ZIP-UP (PURPLE) [LRQWCTZ341MPPA]
https://www.musinsa.com/app/goods/3009667	GROOVE RHYME	GVRE ADRENALINE RACING SWEATSHIRT (BLUE) [LRRSCTM129M]
https://www.musinsa.com/app/goods/2066652	GROOVE RHYME	(기모) NYC LOCATION HOOD T-SHIRTS (CHARCOAL) [LRQWCTH333M]
https://www.musinsa.com/app/goods/3439981	COVERNAT	어센틱 로고 후디 라벤더
https://www.musinsa.com/app/goods/3515409	GLOWNY	ISA ASYMMETRICAL KNIT TOP (BLACK)
https://www.musinsa.com/app/goods/3392006	ASICS	젤-1130 MSS SMU - 스틸 그레이:퓨어 실버 / 1201A934-020
https://www.carlynmall.com/m/product.html?branduid=3506488&xcode=010&mcode=001&scode=&type=Y&sort=manual&cur_code=010001&GfDT=Zm93Ug%3D%3D	CARLYN	[23FW] 칼린 트위 소프트 4colors_H73308010
https://www.musinsa.com/app/goods/3645163	VENHIT	[패키지]23FW 그래픽 2PACK 디자인 후드티 5종
https://www.musinsa.com/app/goods/2196816	ILLEDIT	STITCH LABEL BALLCAP BLACK
https://www.musinsa.com/app/goods/2094068	LUV IS TRUE	OT PUNK KNIT(BLACK)
https://www.musinsa.com/app/goods/2751799	AVANDRESS	Half Patchwork Knitwear BLACK
https://product.29cm.co.kr/catalog/1738078	COVERNAT	우먼 RDS 씨빅 다운 숏 푸퍼 - 블랙
https://www.musinsa.com/app/goods/3392006	ASICS	젤-1130 MSS SMU - 스틸 그레이:퓨어 실버 / 1201A934-020
https://musinsaapp.page.link/ci1eT5SXB78EWks2A	ISTKUNST	U 로고 티셔츠_라이트그레이(IK2DMMT503A)
https://musinsaapp.page.link/XLXUt4Cf2AYYRwQs8	AMES-WORLDWIDE	COLORED LOGO BEANIE_BK(21FWCP03)
https://www.musinsa.com/app/goods/3638573	ODDONEOUT	RIBBON PRINTED STOCKING BLACK
https://musinsaapp.page.link/X8xEKJUxGby31RvJ8	ROMANTIC CROWN	미니멀 벨벳 왓치캡_브라운
https://musinsaapp.page.link/YzpRNgXYYfmx4CN6A	MARITHE FRANCOIS GIRBAUD	CLASSIC LOGO COLOR BEANIE light green
https://musinsaapp.page.link/C3VAPdJiv6enxHEq6	1993STUDIO	빈티지 반 집업_다크그린
https://musinsaapp.page.link/A8ys8nY8ATx5t7zY6	ROMANTIC CROWN	핀 스트라이프 자켓_화이트
https://musinsaapp.page.link/sG4CRBtzHTSiYe5W7	ROMANTIC CROWN	SUNDAY SYNDROME COLOR BLOCK SHIRT_OATMEAL
https://musinsaapp.page.link/rfxiXfnXdvtqRmtd6	ROMANTIC CROWN	와이드 스트링 팬츠_블랙
https://musinsaapp.page.link/7jSQQqUoFWkKumGF6	OIOI	VARSITY REVERSIBLE SLEEVELESS SWEATSHIRT [GREY]
https://musinsaapp.page.link/SPDkEXvBVRYosfJ38	ROMANTIC CROWN	QUILTING TRUCKER JACKET_OATMEAL
https://www.musinsa.com/app/goods/3469962	COVERNAT	플리스 카라리스 자켓 블랙
https://musinsaapp.page.link/41so1ofbH5h2VqT8A	NASTY FANCY CLUB	[NF] 하이커 니트 후드 집업 (IVORY)_F23ZA948
https://marithe-official.com/product/classic-logo-sweatshirt-oatmeal/1042/category/176/display/1/	MARITHE	CLASSIC LOGO SWEATSHIRT oatmeal
https://www.musinsa.com/app/goods/3392006	ASICS	젤-1130 MSS SMU - 스틸 그레이:퓨어 실버 / 1201A934-020
https://musinsaapp.page.link/B4qAVWZWnnyPAUpB6	FILLUMINATE	타슬란 윈드 테이커 자켓-블랙
https://product.29cm.co.kr/catalog/2236473?source=brand	Mardi Mercredi	SWEATSHIRT FLOWERMARDI ALUMNI NEEDLEWORK_WHITE NAVY
https://www.musinsa.com/app/goods/2739160	CODEGRAPHY	헤비보아 웜업 플리스 자켓 가디건_블랙
https://musinsaapp.page.link/GaNqmTcUc1X51XzS8	SCULPTOR	Tape Wind Pants Pale Beige
https://www.musinsa.com/app/goods/3468956	AVANDRESS	Chelsea Sweat Shirt - 2COL
https://musinsaapp.page.link/UgyN5HPE6G6fgM899	NASTY FANCY CLUB	[NF] 하이커 니트 후드 집업 (IVORY)_F23ZA948
https://musinsaapp.page.link/7F4JNZgRYDRn2NH79	SCULPTOR	Tape Wind Pants Pale Beige
https://www.musinsa.com/app/goods/1602010	AMES-WORLDWIDE	COLORED LOGO BEANIE_BK(21FWCP03)
https://www.musinsa.com/app/goods/2410974	ASICS	조그 100 S SMU (2E) - 시트 락:퓨어 실버 / 1201A773-020
https://www.musinsa.com/app/goods/2043036	CODEGRAPHY	[SET] (맨투맨 OR 후드 선택) CGP 아치 로고 트레이닝 셋업_멜란지그레이
https://www.musinsa.com/app/goods/3466645	CODEGRAPHY	[SET][논기모ver] (맨투맨 OR 후드 선택) CGP 아치 로고 트레이닝 셋업_멜란지그레이
https://www.musinsa.com/app/goods/2760572	TWN	플레임 후드 오트밀 HHHD3454
https://www.musinsa.com/app/goods/3586299	NUHABIT	N/H BEAR CLUB 오버핏 후드 (DNHNH-1111)
https://www.musinsa.com/app/goods/3579218	NEW BALANCE	NBPFDF747T / MT410GS5 (MIX)
https://www.musinsa.com/app/goods/1368664	MAISON MINED	WHITE SPREAD CARPENTER DENIM
https://www.musinsa.com/app/goods/1526478	MAHAGRID	BASIC LOGO SOCKS WHITE(MG2AFMAB91A)
https://www.musinsa.com/app/goods/1733275/0	JEMUT	로그 오버핏 기모 후드 다크그레이 YHHD2302
https://www.musinsa.com/app/goods/1985223	NOT4NERD	Nylon Cargo Wide Pants - Light Grey
https://www.musinsa.com/app/goods/3132888	TRAVEL	리즌 트레일 피그먼트 반팔티 베이지
https://www.musinsa.com/app/goods/1742448/0	CODEGRAPHY	2-WAY 유틸리티 MA-1 자켓_그레이
https://www.musinsa.com/app/goods/3132887	TRAVEL	리즌 트레일 피그먼트 반팔티 블랙 차콜
https://www.musinsa.com/app/goods/3132889/0	TRAVEL	리즌 트레일 피그먼트 반팔티 고스트 그레이
https://musinsaapp.page.link/sRpkVpZ1cEKRnjRB9	FALLETT	네로 비니 블랙
https://musinsaapp.page.link/LnnA74JJ7Shaf8737	FALLETT	볼드 니트 비니 블루
https://musinsaapp.page.link/G7xY3oNRt3KT9ckg8	FALLETT	볼드 니트 비니 블루
https://product.29cm.co.kr/catalog/2170687	YALE	(23FW) 2 TONE ARCH HOODIE BLACK
https://musinsaapp.page.link/CXznMjbnHJ1WVq4b7	ROMANTIC CROWN	코지 니트 버킷햇_블랙
https://product.29cm.co.kr/catalog/1386053?source=brand	COVERNAT	[23SS] C 로고 하프 집업 맨투맨 - 오트밀
https://www.musinsa.com/app/goods/2410974	ASICS	조그 100 S SMU (2E) - 시트 락:퓨어 실버 / 1201A773-020
https://www.musinsa.com/app/goods/3012623/0	TRAVEL	리즌 트레일 피그먼트 후드티 블랙 차콜
https://product.29cm.co.kr/catalog/2230903	YALE	EMBROIDERY DAN COLLARLESS QUILTING FLEECE JACKET IVORY
https://www.musinsa.com/app/goods/1742448/0	CODEGRAPHY	2-WAY 유틸리티 MA-1 자켓_그레이
https://www.musinsa.com/app/goods/1742448	CODEGRAPHY	2-WAY 유틸리티 MA-1 자켓_그레이
https://www.musinsa.com/app/goods/1734299	TRAVEL	미시간 울버린 피그먼트 스웨트셔츠 블랙 차콜
https://product.29cm.co.kr/catalog/1267059?source=brand	Lee	빅 트위치 루즈핏 후드 블랙
https://www.musinsa.com/app/goods/3663033?fbclid=IwAR3u28pADJgZtRiGCBi15mjtLAJchMlNm_09d2_vjGv6ZjKVtVH9ZKWWDyo_aem_AdY7J2LfcNIjZqL6qZqCT1bBEXQPbKHjj5bKmNTLu_QMU6zz7wGJgM_koV9tMXshcOg	KIRSH BLENDING	[SET] 아이 드리밍 팔레트 + 코튼 클라우드 립 틴트 2종
https://musinsaapp.page.link/oYwW7mA9Cmr4eaS9A	OIOI	Q LOGO OXFORD BACKPACK_navy
https://musinsaapp.page.link/eWFrCpo3WYYCJk9V6	DEFAULT VALUE	FOUR OTTERS SWEAT SHIRTS M.GREY
https://product.29cm.co.kr/catalog/2253484?BSCPN=CMCOM&BSCCN1=2253484&utm_medium=display&BSPRG=NAVERSH&utm_content=conversion_navershopping&naver_code=naver_ep&utm_term=2253484&utm_source=naver&utm_ca	Fallett	스토리 로고 롱 머플러 그레이
https://www.musinsa.com/app/goods/1526985	OIOI	2020 SIGNATURE HOODIE_black
https://www.musinsa.com/app/goods/2099957	OIOI	STRIPE CABLE KNIT [GREEN]
https://www.musinsa.com/app/goods/1543748	OIOI	CLASSIC LOGO TWIST KNIT PULLOVER_grey
https://www.musinsa.com/app/goods/2322829	OIOI	BASIC LOGO HOOD ZIPUP [NAVY]
https://musinsaapp.page.link/UJbMn4poSfoH5tdB9	MUSINSA STANDARD	핀 턱 와이드 스웨트 팬츠 [블랙]
https://musinsaapp.page.link/GacADRJN488ARFJ56	MUSINSA STANDARD	핀 턱 라운지 스웨트 팬츠 [미디엄 그레이]
https://www.musinsa.com/app/goods/3621489	PLACE STUDIO	비건 레더 오버핏 양털 버튼 무스탕 자켓 [블랙]
https://www.musinsa.com/app/goods/3608998	NOT4NERD	Leather ver. Tribal Logo Racing Jacket - Black
https://www.musinsa.com/app/goods/3209864	NOT4NERD	Tribal Logo Nylon Racing Jacket - Black
https://www.musinsa.com/app/goods/3438940	CODEGRAPHY	레이싱 배색 스냅 후디_4color
https://musinsaapp.page.link/zV9jzk3zALyGiVNq7	NASTY FANCY CLUB	[NF] F4NCY 데님 패치 후드 (BLACK)_F23ZB265
https://www.musinsa.com/app/goods/1985223	NOT4NERD	Nylon Cargo Wide Pants - Light Grey
https://www.musinsa.com/app/goods/3132888	TRAVEL	리즌 트레일 피그먼트 반팔티 베이지
https://www.musinsa.com/app/goods/1742448	CODEGRAPHY	2-WAY 유틸리티 MA-1 자켓_그레이
https://www.musinsa.com/app/goods/3132889/0	TRAVEL	리즌 트레일 피그먼트 반팔티 고스트 그레이
https://www.musinsa.com/app/goods/1343223	MUSINSA STANDARD	우먼즈 플루이드 블레이저 [블랙]
https://www.musinsa.com/app/goods/3132889	TRAVEL	리즌 트레일 피그먼트 반팔티 고스트 그레이
https://www.musinsa.com/app/goods/3709442	SAINT LAURENT	여성 르 5 아 7 미니 호보백 - 블랙 / 7103182R20W1000
https://www.musinsa.com/app/goods/2344209	STAND OIL	Fluffy Regular · 플러피 레귤러
https://musinsaapp.page.link/F4hMWwuXnJcnofTHA	FALLETT	부클 플라워 맨투맨 네이비
https://product.29cm.co.kr/catalog/2167713?source=brand	46month	strawberry hanging lamp
https://product.29cm.co.kr/catalog/889249	LEXON	LEXON 렉슨 MINA L사이즈 미나 무드등 조명 램프 - LH65
https://www.musinsa.com/app/goods/2715760	OIOI	BASIC PATCH KNIT [OATMEAL]
https://www.musinsa.com/app/goods/1769101	OIOI	POCKET VARSITY SWEATSHIRTS [BLACK]
https://www.musinsa.com/app/goods/2322808	OIOI	BASIC LOGO SWEATSHIRTS [LIGHT GREY]
https://www.musinsa.com/app/goods/2850431	OIOI	FIVETWO STAMP CABLE SWEATER [NAVY]
https://www.musinsa.com/app/goods/1742448/0	CODEGRAPHY	2-WAY 유틸리티 MA-1 자켓_그레이
https://www.musinsa.com/app/goods/2691548	ISTKUNST	[기모]썬더 베어 후디 더스트퍼플(IK2CFMM402A)
https://www.musinsa.com/app/goods/3048203	PRENDA	PDC UNIFORM HOODIE NAVY
https://www.musinsa.com/app/goods/3468956	AVANDRESS	Chelsea Sweat Shirt - 2COL
https://www.musinsa.com/app/goods/2603884	MMLG	[Mmlg] DOODLE 19MG HOOD (EVERY GREY)
https://www.musinsa.com/app/goods/3522222	FALLETT	아치 로고 데미지 후드 집업 차콜
https://www.musinsa.com/app/goods/3348881	MMLG	[Mmlg] HEART RABBIT SWEAT (ASH GREY)
https://www.musinsa.com/app/goods/2052954	FALLETT	세렝게티 맨투맨 차콜
https://www.musinsa.com/app/goods/3443412	GROOVE RHYME	GROOVERHYME 89 LINE2 SWEATSHIRT & HOODIE (OATMEAL GREY) [LRSFCTM755M,H770M/LRSWCTM915M,H916M]
https://www.musinsa.com/app/goods/3034895	SCULPTOR	Velour Soccer Jersey Black
https://www.musinsa.com/app/goods/3050755	READY4NEXT	레디 SC 하프 반집업 맨투맨 BLACK
https://www.musinsa.com/app/goods/3487807	ISTKUNST	IK 5스타 로고 후디_라이트그레이(IK2DFMM416A)
https://www.musinsa.com/app/goods/2853164	SUPERSUB	클럽 레플리카 스웻셔츠 [블랙]
https://www.musinsa.com/app/goods/2853101	SUPERSUB	클럽 레플리카 스웻셔츠 [오프 화이트]
https://www.musinsa.com/app/goods/3693320	CHUCK	빈티지 워싱 데님 팬츠 (다크 그레이)
https://www.musinsa.com/app/goods/3474398	AMES-WORLDWIDE	V NECK UNIFORM SWEATSHIRT BLACK
https://www.musinsa.com/app/goods/3468979	AVANDRESS	Pigment Felt Crop Hoody - 3COL
https://www.musinsa.com/app/goods/3469214	AVANDRESS	Pigment Felt Overfit Hoody  - 3COL
https://www.musinsa.com/app/goods/2043056	CODEGRAPHY	[SET] (맨투맨 OR 후드 선택) CGP 아치 로고 트레이닝 셋업_네이비
https://www.musinsa.com/app/goods/3535035	FENNEC	CRINKLE TRIANGLE ACCORDION POCKET D - DARK GREY
https://www.musinsa.com/app/goods/3256770	FILLINTHEBLANK	Trapezoid Mini Tote Bag (crack)(cream)
https://www.musinsa.com/app/goods/1919032	MUR	일리백-캔버스브라운
https://www.musinsa.com/app/goods/3702724	MATIN KIM	MATIN CLASSIC BEANIE IN BLACK
https://www.musinsa.com/app/goods/2995119	TRILLION	컬러 배색 1992 그래픽 후드 (NAVY)
https://www.musinsa.com/app/goods/2184088	NOT4NERD	Banding One Tuck Wide Denim Pants - Black
https://www.musinsa.com/app/goods/3534448	DYSFUNCT	Nus Wide One Tuck Denim Pants
https://www.musinsa.com/app/goods/2998235	FP142	미드웨일 코듀로이 와이드 팬츠 8종 라이트베이지 SJLP1382
https://www.musinsa.com/app/goods/2998237	FP142	미드웨일 코듀로이 와이드 팬츠 8종 블랙 SJLP1382
https://www.musinsa.com/app/goods/2287504	WOOALONG	(기모)Signature hood zip-up - BLACK
https://www.musinsa.com/app/goods/3549096	BLACK MOMENT	비건 스웨이드 인플레이트 포켓 투웨이 집업 자켓[블랙]
https://www.musinsa.com/app/goods/3390508	STANDARDERROR	87-STAN009 [비건 스웨이드] 스탠다드 블루종 스웨이드 자켓 블랙
https://www.musinsa.com/app/goods/2998233	FP142	미드웨일 코듀로이 와이드 팬츠 8종 더스티베이지 SJLP1382
https://www.musinsa.com/app/goods/640838	MELANGE MASTER	스탠다드 후드 스웨트 집업 - 블랙
https://www.musinsa.com/app/goods/3478312	ELIMENO	EL 라디우스 와이드 스웨트 팬츠 블랙
https://www.musinsa.com/app/goods/640839	MELANGE MASTER	스탠다드 후드 스웨트 집업 - 멜란지 그레이
https://www.musinsa.com/app/goods/3672960	LEE	우먼 울 브이넥 믹스 니트 브라운
https://www.musinsa.com/app/goods/2840354	TOFFEE	퍼 카라 오버핏 엠에이원 (BLACK) T2O0002
https://www.musinsa.com/app/goods/3512271	1989STANDARD	RV_ BW FLOWER 후드(STHSTD-0034)
https://www.musinsa.com/app/goods/2840354?_gf=A	TOFFEE	퍼 카라 오버핏 엠에이원 (BLACK) T2O0002
https://www.musinsa.com/app/goods/2099957	OIOI	STRIPE CABLE KNIT [GREEN]
https://www.musinsa.com/app/goods/1368664	MAISON MINED	WHITE SPREAD CARPENTER DENIM
http://www.carlynmall.com/m/product.html?branduid=3506643&xcode=010&mcode=001&scode=&type=Y&sort=manual&cur_code=010001&search=&GfDT=aWd3UQ%3D%3D	CARLYN	[23FW] 칼린 트위 백팩 4colors_H73314010
https://www.musinsa.com/app/goods/1768038	OIOI	52 SIGNATURE PHONE CASE [NAVY]
https://www.musinsa.com/app/goods/1770881	OIOI	BASIC LOGO HOOD ZIPUP [CREAM]
https://www.musinsa.com/app/goods/2322808	OIOI	BASIC LOGO SWEATSHIRTS [LIGHT GREY]
https://www.musinsa.com/app/goods/3464342	OIOI	컬리 아플리케 후드_블랙
https://www.musinsa.com/app/goods/2416067	OIOI	OIOI LOGO KNIT II [WHITE]
https://www.musinsa.com/app/goods/2737761	YESEYESEE	Arch Logo Hoodie Black
https://www.musinsa.com/app/goods/2738691	OIOI	WAVE LOGO HOODIE [GREY]
https://www.musinsa.com/app/goods/3586299	NUHABIT	N/H BEAR CLUB 오버핏 후드 (DNHNH-1111)
https://www.musinsa.com/app/goods/3460538	SCULPTOR	Bow Bow Hoodie Charcoal
https://musinsaapp.page.link/k1KbujHdrcbXhtrM6	AMES-WORLDWIDE	COLORED LOGO BEANIE_BK(21FWCP03)
https://musinsaapp.page.link/dkDu2zabSVSUraDw9	1993STUDIO	본투비 아치 로고 후드_네이비
https://musinsaapp.page.link/6wZvJ74TxQ3GS1498	WOOALONG	Signature Logo ball cap - BLACK
https://musinsaapp.page.link/641iy8zvY2g7x4KV8	WOOALONG	Signature Logo ball cap - BLACK
https://musinsaapp.page.link/5SazoTGjsjHGdHacA	WOOALONG	Signature stitch hood zip-up - BLACK
https://www.musinsa.com/app/goods/2322371	OIOI	SIGNATURE SWEATSHIRTS [GREY]
https://www.musinsa.com/app/goods/3326190	MARITHE FRANCOIS GIRBAUD	DENIM WASHING LOGO BALL CAP light blue
https://www.musinsa.com/app/goods/2355070	AUTRY	메달리스트 고트스킨 스니커즈 white
https://www.musinsa.com/app/goods/3123511	SAINTPAIN	SP 세인트 클럽 롱 슬리브-블랙
https://www.musinsa.com/app/goods/2043056?_gf=A	CODEGRAPHY	[SET] (맨투맨 OR 후드 선택) CGP 아치 로고 트레이닝 셋업_네이비
https://www.musinsa.com/app/goods/2680400?_gf=A	CODEGRAPHY	[SET] (맨투맨 OR 후드 선택) CGP 심플 로고 트레이닝 셋업_오트밀
https://www.musinsa.com/app/goods/3011494	CODEGRAPHY	CGP 아치 로고 백팩_블랙(+미니 파우치)
https://musinsaapp.page.link/v5j1eBpQ1XWJ8XhaA	WOOALONG	Signature Logo ball cap - BLACK
https://musinsaapp.page.link/WGbDgvzhVkqvek7h6	WOOALONG	Signature Logo ball cap - WARM BEIGE
https://www.musinsa.com/app/goods/3438956	CODEGRAPHY	CGP 아치 로고 배색 스냅 후디_멜란지그레이
https://www.musinsa.com/app/goods/1742448	CODEGRAPHY	2-WAY 유틸리티 MA-1 자켓_그레이
https://www.musinsa.com/app/goods/3286918	MARITHE FRANCOIS GIRBAUD	3PACK SMALL REGULAR LOGO TEE mix
https://www.musinsa.com/app/goods/1341579	OIOI	ORIGINAL LOGO 2 PACK T-SHIRTS_black
https://www.musinsa.com/app/goods/2322810	OIOI	BASIC LOGO SWEATSHIRTS [BLACK]
https://musinsaapp.page.link/Ta4bvbo78pGz7n7t6	AQOstudiospace	아코 로고 크롭 후디 핑크
https://www.musinsa.com/app/goods/3511385	NICEGHOSTCLUB	쓰리 스타즈 로고 니트 후디_블랙(NG2DFUK610A)
https://www.musinsa.com/app/goods/1211169	AVANDRESS	UNISEX LAUREL OVERSIZED HOODIE BLACK
https://www.musinsa.com/app/goods/3676217	WHATITISNT	[22FW] 엔젤 와펜 가디건
https://www.musinsa.com/app/goods/3612046	QWER BAND	아크릴키링[Logo/LD type]
https://www.musinsa.com/app/goods/3612065	QWER BAND	아크릴 스탠드[SD/LD type]
https://www.musinsa.com/app/goods/3621934	WHO.A.U	3단 빈티지 워싱 볼캡 / WHACD4993A
https://www.musinsa.com/app/goods/2578111	ARCHIVE BOLD	939 DAISY SWEAT PANTS (BLACK)
https://www.musinsa.com/app/goods/2723260?utm_source=app_ANDROID&utm_medium=copy&utm_campaign=2023-11-22T16:12:19+0900&utm_content=6921c19442b82cff36eb6d71649852fe	AMES-WORLDWIDE	SIGNATURE LOGO RUGBY SHIRT NAVY
https://www.musinsa.com/app/goods/2362225	OIOI	CURLY LOGO APPLIQUE HOODIE [LIGHT GREY]
https://www.musinsa.com/app/goods/2099957	OIOI	STRIPE CABLE KNIT [GREEN]
https://www.musinsa.com/app/goods/3469574	LUV IS TRUE	CH 2-WAY CROP HOOD ZIP UP(NAVY)
https://www.musinsa.com/app/goods/2286829?utm_source=app_ANDROID&utm_medium=copy&utm_campaign=2023-11-22T12:43:27+0900&utm_content=6921c19442b82cff36eb6d71649852fe	WOOALONG	Signature Logo ball cap - BLACK
https://www.musinsa.com/app/goods/3680423	WAIKEI	말티즈 아카이브 맨투맨 멜란지화이트
https://www.musinsa.com/app/goods/2569069	WOOALONG	Signature Logo ball cap - WARM BEIGE
https://www.musinsa.com/app/goods/2329824	VIVASTUDIO	BLACK CAT TEE [WHITE]
https://www.musinsa.com/app/goods/3043024	1993STUDIO	빈티지 트랙 저지 롱 슬리브_네이비
https://www.musinsa.com/app/goods/3132888	TRAVEL	리즌 트레일 피그먼트 반팔티 베이지
https://product.29cm.co.kr/catalog/2331804	ECHOND	Tencel Car Curtain
https://musinsaapp.page.link/Jy1L3n6Sg3DpmsJp6	DEWE HEART DEWE	플라워 버킷 햇
https://www.musinsa.com/app/goods/3672960	LEE	우먼 울 브이넥 믹스 니트 브라운
https://www.musinsa.com/app/goods/3467889	GRAILZ	LUNAR ZIP HOODIE [CHARCOAL]
https://musinsaapp.page.link/6k3xvrbqwaFQJznN6	FALLETT	스포츠 클럽 풋볼 져지 블랙
https://www.musinsa.com/app/goods/2728954	SCULPTOR	Colour Logo Hoodie White Melange
https://www.musinsa.com/app/goods/2043056	CODEGRAPHY	[SET] (맨투맨 OR 후드 선택) CGP 아치 로고 트레이닝 셋업_네이비
https://www.musinsa.com/app/goods/2731229	SCULPTOR	Classic Logo Sweat Pants Melange Gray
https://www.musinsa.com/app/goods/3324805	MATIN KIM	LOGO BAND TRIANGLE BRA IN GREY
https://www.musinsa.com/app/goods/3166336	MAHAGRID	VARSITY LOGO SWEAT SHORT BLACK(MG2DMMPA00A)
https://www.musinsa.com/app/goods/3034869	SCULPTOR	SUPIMA Banding Bra Top Black
https://www.musinsa.com/app/goods/3151250	SCULPTOR	Classic Logo Halter Top White
https://www.musinsa.com/app/goods/1460573	WE HAVE A TAIL	[사은품 증정] NYLON TAIL SQUARE BACKPACK (BLACK)
https://www.musinsa.com/app/goods/999414	BRENSON	루즈핏 트레이닝 스웨트 팬츠
https://www.musinsa.com/app/goods/3534442	DYSFUNCT	With Wide Denim Pants (DEEP GRAY)
https://www.musinsa.com/app/goods/3474398	AMES-WORLDWIDE	V NECK UNIFORM SWEATSHIRT BLACK
https://www.musinsa.com/app/goods/2287431	WOOALONG	Signature hood zip-up - BLACK
https://www.musinsa.com/app/goods/3034877	SCULPTOR	Wide Painter Pants Black
https://www.musinsa.com/app/goods/2062553	FALLETT	부클 플라워 맨투맨 네이비
https://www.musinsa.com/app/goods/2484495	1993STUDIO	스튜디오 아치 로고 티셔츠_그레이
https://www.musinsa.com/app/goods/3163730	SATUR	카프리 시트론 드로잉 썸머 그래픽 반팔 티셔츠 아이보리
https://www.musinsa.com/app/goods/3199049	WAIKEI	말티즈 아카이브 라인 그래픽 반팔티셔츠 화이트
https://www.musinsa.com/app/goods/3163367	MAHAGRID	DON’T PANIC PIGMENT TEE CHARCOAL(MG2DMMT505A)
https://www.musinsa.com/app/goods/3126011	MAHAGRID	CORP TEE BLACK(MG2DMMT509A)
https://www.musinsa.com/app/goods/1767923	OIOI	52 SIGNATURE AIRPOD CASE [BLACK]
https://www.musinsa.com/app/goods/3011224	CODEGRAPHY	[SET] (긴바지 OR 반바지 선택) 90S CGP 믹스 배색 후디 셋업_네이비
https://www.musinsa.com/app/goods/1264107	NEIKIDNIS	메쉬 스트링 백팩 블랙
https://www.musinsa.com/app/goods/3003268	ISTKUNST	돈 크라이 후디_블랙(IK2DSMM408A)
https://www.musinsa.com/app/goods/3565194	OIOI	SIGNATURE DOWN JACKET (8colors)
https://www.musinsa.com/app/goods/2279423	FALLETT	부클 플라워 맨투맨 아이보리
https://marithe-official.com/product/detail.html?product_no=2673&cate_no=315&display_group=1	MARITHE	CLASSIC LOGO SLEEVELESS charcoal
https://www.musinsa.com/app/goods/2431257	MAHAGRID	BUTTERFLIES TEE WHITE(MG2CMMT527A)
https://www.musinsa.com/app/goods/3566144	WHATITISNT	엔젤 퍼 카라 퀼팅 다운 점퍼 다크 네이비
https://www.musinsa.com/app/goods/3566152	WHATITISNT	엔젤 덕다운 퍼핀 숏푸퍼 아이보리
https://www.musinsa.com/app/goods/3540691	WHATITISNT	엔젤 와펜 라이트 다운 점퍼 아이보리
https://www.musinsa.com/app/goods/3417477	WHATITISNT	뉴엔젤 와펜 후드집업 오트밀
https://www.musinsa.com/app/goods/2755595	TARGETTO	컨벡스 볼레로 집업 자켓_라이트 그레이
https://www.musinsa.com/app/goods/3216274	ZEROPLANET	언밸런스 엠블럼 크롭탑 [BLACK]
https://www.musinsa.com/app/goods/3263407	NASTY FANCY CLUB	[NF] 팬브릿지 크롭 티 (WHITE)_F23QB224
https://www.musinsa.com/app/goods/3454465	WOOALONG	Signature pigment crop hood zip-up - DUSTY PINK
https://marithe-official.com/product/classic-logo-color-block-raglan-sweatshirt-navy/2785/category/315/display/1/	MARITHE	CLASSIC LOGO COLOR BLOCK RAGLAN SWEATSHIRT navy
https://marithe-official.com/product/detail.html?product_no=2786&cate_no=315&display_group=1	MARITHE	CLASSIC LOGO COLOR BLOCK RAGLAN SWEATSHIRT brown
https://musinsaapp.page.link/QKR7wXijYS2fe2L97	PHYSICAL EDUCATION DEPARTMENT	PHYPS® STAR TAIL HOODIE ZIP UP NAVY
https://musinsaapp.page.link/1KRpWRV2nLxjZGHy8	NASTYKICK	[NSTK] Kinsum Hoodie (Black)_K22ZB735
https://www.musinsa.com/app/goods/2362209	OIOI	SERIF LOGO HOODIE [LIME]
https://www.musinsa.com/app/goods/1211169	AVANDRESS	UNISEX LAUREL OVERSIZED HOODIE BLACK
https://www.musinsa.com/app/goods/3516125	GUESS	여성 글레이즈드 푸퍼
https://product.29cm.co.kr/catalog/1781550?source=item_detail&source_type=recommend	REEBOK	클럽 C 클래식 숏패딩 - 오프 화이트
https://musinsaapp.page.link/ZoCfFaE4f7XHpApH7	NASTYKICK	[NSTK] Kinsum Hoodie (Black)_K22ZB735
https://musinsaapp.page.link/FpDGT8cLu8N6KXEn6	NASTYKICK	[NSTK] Kinsum Hoodie (Brown)_K22ZB735
https://www.musinsa.com/app/goods/3474397	AMES-WORLDWIDE	V NECK UNIFORM SWEATSHIRT GREY
https://musinsaapp.page.link/R9ShQZmNE5US63wy9	NASTYKICK	[NSTK] Kinsum Hoodie (Brown)_K22ZB735
https://www.musinsa.com/app/goods/640839	MELANGE MASTER	스탠다드 후드 스웨트 집업 - 멜란지 그레이
https://www.musinsa.com/app/goods/2246919	PIECE MAKER	TEETH KNIT SWEATER (IVORY)
https://musinsaapp.page.link/ePDGrkXKv6vMEQrj7	WOOALONG	Signature stitch hood zip-up - BLACK
https://www.musinsa.com/app/goods/3123512	SAINTPAIN	SP 세인트 클럽 롱 슬리브-화이트
https://musinsaapp.page.link/7zKW9HkdvsC8jxNa6	NASTY FANCY CLUB	[PPG X FANCY] P.P.G 코믹스 피그먼트 브이넥 티 (DARK PINK)_F23PG1005
https://musinsaapp.page.link/ahcQM98eG5ZY1CdJ8	PHYSICAL EDUCATION DEPARTMENT	PHYPS® STAR TAIL HOODIE ZIP UP NAVY
https://www.musinsa.com/app/goods/2759593	YALE	(23FW) [ONEMILE WEAR] SMALL ARCH LOGO HOODIE ZIP UP NAVY
https://www.musinsa.com/app/goods/3676217	WHATITISNT	[22FW] 엔젤 와펜 가디건
https://www.musinsa.com/app/goods/3669585	AMBLER	Bad Bear 남여공용 오버핏 후드 티셔츠 AHP906 (오트밀)
https://www.musinsa.com/app/goods/3669585	AMBLER	Bad Bear 남여공용 오버핏 후드 티셔츠 AHP906 (오트밀)
https://musinsaapp.page.link/hXFDvrSv46wnQ9gd6	WHO.A.U	3단 빈티지 워싱 볼캡 / WHACD4993A
https://www.musinsa.com/app/goods/2839166	FALLETT	듀스 네로 롱슬리브 니트 아이보리
https://www.musinsa.com/app/goods/3484698	GAMMA GALLERY	리버시블 비니
https://www.musinsa.com/app/goods/2744629?fbclid=PAAaZelvE2hcWWZvTJ_8-E5J_RPxcgI3xO5eqPimuWsufaRam3HDf8x32eRZ8_aem_AeLLY49aTzbP762fjOWUAnJZ3q5gvEkySSP5IhRqRlIGU9SLPhl4U2eHIOkr5D108l8	KIRSH	아치 로고 체리 후드 [크림]
https://www.musinsa.com/app/goods/3488549	CRITIC	WORMHOLE LOGO SKULL CAP BLACK
https://www.musinsa.com/app/goods/3675367/0	GROOVE RHYME	[패키지] (기모) SIGNATURE FLOWER LOGO SWEATSHIRT (2 COLOR) [LRRSCTM111M]
https://www.musinsa.com/app/goods/2673359/0	GROOVE RHYME	[패키지] (자수) GVRE LOGO BIG OVER HALF ZIP-UP (5 COLOR) [LRQFCTM320M]
https://www.musinsa.com/app/goods/3126011	MAHAGRID	CORP TEE BLACK(MG2DMMT509A)
https://www.musinsa.com/app/goods/2569069	WOOALONG	Signature Logo ball cap - WARM BEIGE
https://www.musinsa.com/app/goods/2286829	WOOALONG	Signature Logo ball cap - BLACK
https://www.musinsa.com/app/goods/2313117	1993STUDIO	본투비 아치 로고 후드_네이비
https://musinsaapp.page.link/VrXQ1hLbox96FpLM9	AMES-WORLDWIDE	SIGNATURE LOGO RUGBY SHIRT NAVY
https://www.musinsa.com/app/goods/3417421	WHATITISNT	[23FW] 엔젤 와펜 후드집업 블랙
https://www.musinsa.com/app/goods/3680423	WAIKEI	말티즈 아카이브 맨투맨 멜란지화이트
https://www.musinsa.com/app/goods/1557509	EBBETSFIELD	베츠 어센틱 맨투맨 블랙
https://www.musinsa.com/app/goods/3043024	1993STUDIO	빈티지 트랙 저지 롱 슬리브_네이비
https://www.musinsa.com/app/goods/2709273	NICEGHOSTCLUB	댄싱 스켈레톤 집 폴로 니트_블랙(NG2DFUK680A)
https://www.musinsa.com/app/goods/2287431	WOOALONG	Signature hood zip-up - BLACK
https://marithe-official.com/product/detail.html?product_no=1842&cate_no=171&display_group=1#none%20%E8%AB%8B	MARITHE	REVERSIBLE GLOSSY PUFFER light gray
https://www.musinsa.com/app/goods/3047972	ARCHIVE BOLD	939 LOGO CROP HOOD (PINK)
https://www.musinsa.com/app/goods/2048764	LMC	LMC CAPITAL LOGO SWEATSHIRT charcoal
https://www.musinsa.com/app/goods/3057659	WHATITISNT	엔젤 화이트 와펜 후드 블랙
https://www.musinsa.com/app/goods/3186307	WHATITISNT	엔젤 로고 에코백 블랙
https://www.musinsa.com/app/goods/2328310	WAIKEI	말티즈 아카이브 에코백 블랙
https://www.musinsa.com/app/goods/707695	ROMANTIC CROWN	스트라이프 커프스 오버핏 셔츠_화이트
https://www.musinsa.com/app/goods/2287463	WOOALONG	Signature stitch hood zip-up - BLACK
https://www.musinsa.com/app/goods/2287430	WOOALONG	Signature hood zip-up - GREY
https://www.musinsa.com/app/goods/3187524	FALLETT	스포츠 클럽 풋볼 져지 블랙
https://www.musinsa.com/app/goods/2725441	FALLETT	볼드 니트 비니 블루
https://www.musinsa.com/app/goods/2898238	REEBOK	클럽 C 클래식 숏패딩 - 오프 화이트
https://www.musinsa.com/app/goods/3498165	THISISNEVERTHAT	Arch-Logo Hoodie Black
https://www.musinsa.com/app/goods/3051262	PHYSICAL EDUCATION DEPARTMENT	PHYPS® STAR TAIL HOODIE ZIP UP NAVY
https://www.musinsa.com/app/goods/3334620	MATIN KIM	MATIN LOGO CROP TOP IN WHITE
https://www.musinsa.com/app/goods/3401310	MATIN KIM	CUTTED LOGO CROP TOP IN CHARCOAL
https://www.musinsa.com/app/goods/2701293	NICEGHOSTCLUB	[기모] 크레용 로고 스웻셔츠_라이트그레이(NG2CFUM455A)
https://www.musinsa.com/app/goods/3417466	WHATITISNT	엔젤 와펜 카라 하프집업 오트밀
https://www.musinsa.com/app/goods/3465987	THISISNEVERTHAT	Arch-Logo Crewneck Dark Grey
https://www.musinsa.com/app/goods/3674750	COVERNAT	리버시블 쉐르파 집업 자켓
https://www.musinsa.com/app/goods/1565920	WV PROJECT	프레니 맨투맨 그레이 MJMT7407
https://www.musinsa.com/app/goods/1646803	WV PROJECT	[패키지] 프레니 맨투맨 MJMT7407+프레니 후드 MJHD7554
https://www.musinsa.com/app/goods/2807726	ROMANTIC CROWN	와일드 플라워 플리스 자켓_오트밀
https://www.musinsa.com/app/goods/2289484	CODEGRAPHY	[SET] (긴바지 OR 반바지 선택) CGP 서클 로고 하프집업 맨투맨 셋업_네이비
https://www.musinsa.com/app/goods/3673802	LAFUDGESTORE	울리치 오버 라운드 블루종_Ivory
https://www.musinsa.com/app/goods/3611116	1993STUDIO	빈티지 바시티 자켓 (4colors)
https://www.musinsa.com/app/goods/3643983	1993STUDIO	2PACK 93 로고 하프 집업
https://www.musinsa.com/app/goods/2660728	1993STUDIO	빈티지 반 집업_오트베이지
https://www.musinsa.com/app/goods/2098325	DRAW FIT	프리미어 퓨어 캐시미어 발마칸 코트 [BLACK]
https://www.musinsa.com/app/goods/3010437	SATUR	로턴 올 데이 트랙 팬츠 캐비어 블랙
https://www.musinsa.com/app/goods/883004	ADIDAS	아디브레이크 팬츠 - 블랙 / GN2807
https://www.musinsa.com/app/goods/3046898	ADIDAS	아디브레이크 트랙 팬츠 W - 블랙 / IB5924
https://www.musinsa.com/app/goods/1211169	AVANDRESS	UNISEX LAUREL OVERSIZED HOODIE BLACK
https://www.musinsa.com/app/goods/3034895	SCULPTOR	Velour Soccer Jersey Black
https://www.musinsa.com/app/goods/2111382	GROOVE RHYME	[패키지] (기모) NYC LOCATION HOOD T-SHIRTS (16 COLOR) [LRQWCTH333M]
https://www.musinsa.com/app/goods/2758264	GRAILZ	MULTI ZIPPER BOMBER JACKET [TAUPE]
https://musinsaapp.page.link/jskCCXw764LmRQPo9	PHYSICAL EDUCATION DEPARTMENT	PHYPS® STAR TAIL HOODIE ZIP UP NAVY
https://www.musinsa.com/app/goods/3034895	SCULPTOR	Velour Soccer Jersey Black
https://www.musinsa.com/app/goods/3240301	VIVASTUDIO	WIDE DENIM PANTS [SAND BLACK]
https://www.musinsa.com/app/goods/3083853	VIVASTUDIO	DYED BASIC SWEATPANTS [CHARCOAL]
https://www.musinsa.com/app/goods/2111382	GROOVE RHYME	[패키지] (기모) NYC LOCATION HOOD T-SHIRTS (16 COLOR) [LRQWCTH333M]
https://www.musinsa.com/app/goods/2758264	GRAILZ	MULTI ZIPPER BOMBER JACKET [TAUPE]
https://www.musinsa.com/app/goods/2738703/0?_gf=A&fbclid=IwAR1Y4IvDn1Zcv5rLE6njoN_AqyUcum8Y2PuVTLeODoZTizDdc5IrJT4tgN0_aem_AU6p5FaZ86LnXZtUdEjkLw9FoVO9IJcSRhU6LpHjmWFgll7b_-Pq6gFb4hNUOU-HHCU	OIOI	BIG ARCH LOGO HOODIE [BURGUNDY]
https://www.musinsa.com/app/goods/3584595?_gf=A	NAUTICA	83플래그 폴라 후드티(M.그레이)
https://www.musinsa.com/app/goods/3417417	WHATITISNT	[23FW] 엔젤 와펜 후드집업 라이트 멜란지 그레이
https://www.carlynmall.com/m/product.html?branduid=3504565&xcode=010&mcode=007&scode=&type=Y&sort=manual&cur_code=010007&search=&GfDT=Zm13VQ%3D%3D	CARLYN	[New Color] 칼린 코지 15colors_H72303010
https://www.musinsa.com/app/goods/1526859	MAHAGRID	ORIGIN LOGO SHORT BEANIE BLACK(MG2AFMAB23A)
https://www.musinsa.com/app/goods/3032873	KIIMUIR	PPP 플라워 후드_네이비
https://www.musinsa.com/app/goods/1595032	KNITTED	벌키 브러쉬 아가일 니트 BLACK
https://www.musinsa.com/app/goods/1551889	GROOVE RHYME	[패키지] NYC LOCATION HOOD T-SHIRTS (13 COLOR) [LRSFCTH331M]
https://www.musinsa.com/app/goods/3676217	WHATITISNT	[22FW] 엔젤 와펜 가디건
https://www.musinsa.com/app/goods/3674750	COVERNAT	리버시블 쉐르파 집업 자켓
https://www.musinsa.com/app/goods/2716449	NERDY	우먼스 크롭 긴팔 티셔츠 핑크
https://www.musinsa.com/app/goods/1543798	OIOI	AUTHENTIC REVERSIBLE DOWN PARKA_black
https://www.musinsa.com/app/goods/3645269	AMBLER	Lightning bear 오버핏 기모 후드 티셔츠 AHP1018 (오트밀)
https://www.musinsa.com/app/goods/3536990	CITYBREEZE MAN	집업 데님 자켓_RAW
https://www.musinsa.com/app/goods/2101025	OIOI	BASIC CABLE KNIT VEST [OLIVE]
https://product.29cm.co.kr/catalog/2162571?source=brand	YALE	(23FW) EMBROIDERY UNIVERSITY DAN HOODIE ZIP UP GRAY
https://www.musinsa.com/app/goods/3679160	YALE	EMBROIDERY UNIVERSITY DAN HOODIE ZIP UP GRAY
https://www.musinsa.com/app/goods/3263933	AVANDRESS	Snow cargo Denim BLACK
https://musinsaapp.page.link/Jy9Q5UTam1WirM4y5	GROUNDWORK	2023_털 몬 스웻셔츠 / 네이비
https://www.musinsa.com/app/goods/3443817	GROOVE RHYME	ADRENALINE MOTIVE VELVET SWEATSHIRT (BLACK) [LRSFCTM756M]
https://www.musinsa.com/app/goods/3540248	THISISNEVERTHAT	T-Logo Hoodie Heather Grey
https://www.musinsa.com/app/goods/3209870	LEE	[22SS] 스몰트위치 오버핏 후드 Black
https://www.musinsa.com/app/goods/3730220	THISISNEVERTHAT	T-Logo Hoodie
https://www.musinsa.com/app/goods/3728576	YALE	(23FW) 2 TONE ARCH HOODIE IVORY
https://musinsaapp.page.link/nwYgC1qAPq1po83J8	ANDTHEOTHER	아이보리 스타 크롭 니트
https://product.29cm.co.kr/catalog/1665543?source=post&source_post_no=16564&source_post_name=%EC%98%88%EC%9D%BC+X+%EB%A3%A8%ED%8A%B8%ED%8C%8C%EC%9D%B8%EB%8D%94+%EC%BD%9C%EB%9D%BC%EB%B3%B4%EB%A0%88%EC%9D%B4%EC%85%98	YALE	2 TONE ARCH HOODIE IVORY
https://www.musinsa.com/app/goods/3440135	URBANDTYPE	체인 레터링 후드집업_오트밀_LT514
https://www.musinsa.com/app/goods/3727567	THEY	시그니처 반폴라 니트 (9 COLOR)
https://www.musinsa.com/app/goods/3478816	AMBLER	Flower heart 오버핏 기모 맨투맨 티셔츠  AMM1107 (아이보리)
https://www.musinsa.com/app/goods/3682662	CPGN STUDIO	Hear with you 자수 후드티 크림
https://musinsaapp.page.link/7gaJF59hwCkdrtdX8	PHYSICAL EDUCATION DEPARTMENT	PHYPS® PIPING SIGN LOGO HOODIE PADDING PINK
https://www.musinsa.com/app/goods/2911396	AVANDRESS	Angora Half Zip-Up Knit - 5 COL
https://musinsaapp.page.link/yn5WRzVmhRbtdEDFA	CODEGRAPHY	레이싱 벨루어 카라 져지_2color
https://www.musinsa.com/app/goods/2037468	CODEGRAPHY	CGP 아치 로고 후디_네이비
https://www.musinsa.com/app/goods/2037493	CODEGRAPHY	CGP 아치 로고 맨투맨_멜란지그레이
https://www.musinsa.com/app/goods/2066652	GROOVE RHYME	(기모) NYC LOCATION HOOD T-SHIRTS (CHARCOAL) [LRQWCTH333M]
https://www.musinsa.com/app/goods/3471382	CITY BREEZE	[23FW] (UNI) 시티 나일론 유니폼 티셔츠_NAVY
https://www.musinsa.com/app/goods/3471399	CITY BREEZE	[23FW] (UNI) 라인 포인트 바시티 점퍼_BLACK
https://www.musinsa.com/app/goods/3563730	CITY BREEZE	CTBRZ 배색 볼캡_GREEN
https://www.musinsa.com/app/goods/3099829	REST&RECREATION	RR BOUCLE EMBROIDERY VARSITY JACKET BLACK
https://www.musinsa.com/app/goods/3432263	CITY BREEZE	카펜터 데님 팬츠_INDIGO
https://www.musinsa.com/app/goods/1551957	GROOVE RHYME	BASIC LOGO EMB HOOD ZIP-UP (MELANGE GREY) [LRSWCTZ341MGYM]
https://www.musinsa.com/app/goods/2110566	POLO RALPH LAUREN	코튼 치노 베이스볼 캡 - 그린
https://www.musinsa.com/app/goods/2787968	MAHAGRID	BASIC LOGO KNIT SWEATER BLUE(MG2CFMK620A)
https://www.musinsa.com/app/goods/3057226	GRAILZ	P. DYED STREAMLINE SWEATSHIRT [LIGHT GREY]
https://musinsaapp.page.link/8zSKrjTcqRvFQXVW9	FALLETT	스토리 로고 롱 머플러 베이지
https://www.musinsa.com/app/goods/2846409	APIECEOFCAKE	HTT Crack Crewneck_Navy
https://musinsaapp.page.link/a5h7B5utKeGFm5kH7	AMES-WORLDWIDE	COLORED LOGO BEANIE_BK(21FWCP03)
https://marithe-official.com/product/doodle-classic-logo-sweatshirt-light-heather-grey/3184/	MARITHE	DOODLE CLASSIC LOGO SWEATSHIRT light heather grey
https://www.musinsa.com/app/goods/2758288	WHATITISNT	엔젤 아노락 자켓 그레이
https://www.musinsa.com/app/goods/3504692	LEE	우먼 라운드넥 플라워 니트 라이트 그레이
https://product.29cm.co.kr/catalog/2209486	METAPHER FOR WOMEN	MET Ribbon Detail Sweatshirt
https://www.musinsa.com/app/goods/2037493	CODEGRAPHY	CGP 아치 로고 맨투맨_멜란지그레이
https://www.musinsa.com/app/goods/2499655	GAKKAI UNIONS	원턱 와이드 스웨트팬츠 화이트 멜란지
https://www.musinsa.com/app/goods/1939099	EBBETSFIELD	쿨코튼 2-PACK 베츠 기본 반팔 티셔츠 블랙/화이트
https://www.musinsa.com/app/goods/1264107	NEIKIDNIS	메쉬 스트링 백팩 블랙
https://www.musinsa.com/app/goods/2685521	NATIONALGEOGRAPHIC	카이만 프로 롱기장 구스 다운 점퍼 BIG LOGO BLACK
https://www.musinsa.com/app/goods/3574915	NATIONALGEOGRAPHIC	N234UDW860 카이만 프로 롱기장 구스 다운 점퍼 BIG LOGO BLACK
https://www.musinsa.com/app/goods/3529565	LEE	라운드넥 케이블 니트 라이트 그레이
https://musinsaapp.page.link/b2Qvy8wxPU2MYATT8	MARITHE FRANCOIS GIRBAUD	CLASSIC LOGO COLOR BEANIE light green
https://musinsaapp.page.link/fGF51NR5AGyxvaF17	YALE	[ONEMILE WEAR] DAILY SHORT PUFFER (PADDING) IVORY
https://musinsaapp.page.link/Aj2nmk2YGkfqeb1H6	CODEGRAPHY	레이싱 벨루어 카라 져지_2color
https://musinsaapp.page.link/Qhp8ZxAx5NuPeJHHA	CODEGRAPHY	레이싱 벨루어 카라 져지_2color
https://www.musinsa.com/app/goods/2714016	BITTERCELLS	코튼 케이블 크롭 니트-크림
https://www.musinsa.com/app/goods/3047799	BITTERCELLS	파리스 스웻 셔츠-크림
https://www.musinsa.com/app/goods/3438734	CODEGRAPHY	레이싱 벨루어 카라 져지_2color
https://www.musinsa.com/app/goods/3003273?fbclid=PAAaYKAMPqSIj-2JUqP6qLRPQ-U0jTzjJ9RAI9i1mdANNdMTyLnSfiuCy4wI4&_gf=A	ISTKUNST	UUU 로고 컬러링 풀 오버 후디_블랙(IK2DSMM410A)
https://product.29cm.co.kr/catalog/2252921?source=brand	NATIONAL GEOGRAPHIC APPAREL	내셔널지오그래픽 N234UDW820 골든몰 숏기장 구스 후디 다운 점퍼 LICHEN KHAKI
https://www.musinsa.com/app/goods/2837345	VENHIT	[패키지]그래픽 2PACK 디자인 후드티 5종
https://www.musinsa.com/app/goods/2213732	CPGN STUDIO	[기모] 트렘블링 베어 자수 후드 집업 블랙
https://www.musinsa.com/app/goods/2790910	LADY VOLUME	SILKY LAPEL DOUBLE JACKET_BLACK
https://www.musinsa.com/app/goods/1644880	TRAVEL	[패키지]트래블러 체크 머플러 2PACK_WINTER PACKAGE
https://www.musinsa.com/app/goods/1368664	MAISON MINED	WHITE SPREAD CARPENTER DENIM
https://www.musinsa.com/app/goods/866734	TRAVEL	트래블러 체크 머플러 블랙
https://www.musinsa.com/app/goods/2702391	KIIMUIR	코튼 워셔블 하찌 2-WAY 후드집업 니트_오트밀
https://www.musinsa.com/app/goods/2751863	AVANDRESS	Rugby Striped Knit BLACK
https://musinsaapp.page.link/rBeRUdkzxY6fEnLq8	DR.MARTENS	아드리안 모노 블랙 스무스 / 30637001
https://www.musinsa.com/app/goods/2716449	NERDY	우먼스 크롭 긴팔 티셔츠 핑크
https://www.musinsa.com/app/goods/3689368	MAINBOOTH	Traveler Oversized Sweater(6 COLOR)
https://www.musinsa.com/app/goods/2798168	COVERNAT	아치 로고 크루넥 니트 멜란지 그레이
https://www.musinsa.com/app/goods/2994147	BADBLOOD	스포츠 클럽 져지 롱 슬리브 - 블랙
https://www.musinsa.com/app/goods/2342965	COVERNAT	밀리터리 후드 숏 자켓 라이트 그레이
https://www.musinsa.com/app/goods/3610615	MARITHE FRANCOIS GIRBAUD	DOODLE BEAR SWEATSHIRT oatmeal
https://www.musinsa.com/app/goods/3435300	MAHAGRID	HALFTONE HOODIE BLUE(MG2DFMM423A)
https://www.musinsa.com/app/goods/2838695	LEE	배색 니트 숏비니 그레이
https://www.musinsa.com/app/goods/2070106	WV PROJECT	제제 카라 맨투맨 오트밀 MJMT7514
https://www.musinsa.com/app/goods/1747925	WV PROJECT	[패키지] 미드나잇 후드 2PACK MJHD7447
https://www.musinsa.com/app/goods/1742448	CODEGRAPHY	2-WAY 유틸리티 MA-1 자켓_그레이
https://www.musinsa.com/app/goods/2318225	TARGETTO	하트로고 후드 집업_블랙
https://www.musinsa.com/app/goods/2999454	FRANKENMONO	[기모] 오리지널 디자인 후드 집업
https://www.musinsa.com/app/goods/2702391	KIIMUIR	코튼 워셔블 하찌 2-WAY 후드집업 니트_오트밀
https://product.29cm.co.kr/catalog/1665543?source=post&source_post_no=16564&source_post_name=%EC%98%88%EC%9D%BC+X+%EB%A3%A8%ED%8A%B8%ED%8C%8C%EC%9D%B8%EB%8D%94+%EC%BD%9C%EB%9D%BC%EB%B3%B4%EB%A0%88%EC%9D%B4%EC%85%98	YALE	2 TONE ARCH HOODIE IVORY
https://marithe-official.com/product/classic-logo-duck-down-fleece-puffer-beige/3218/category/315/display/1/	MARITHE	CLASSIC LOGO DUCK DOWN FLEECE PUFFER beige
https://www.musinsa.com/app/goods/3619422	BITTERCELLS	글로시 크롭 푸퍼 자켓-펄
https://musinsaapp.page.link/2zLDAX6ZhrhDpXfaA	LUV IS TRUE	CH COUCH KNIT(PURPLE)
https://www.musinsa.com/app/goods/2790910	LADY VOLUME	SILKY LAPEL DOUBLE JACKET_BLACK
https://www.musinsa.com/app/goods/3710759	CODEGRAPHY	[23SS] [SET] 테크 워셔 후드 셋업_블랙
https://www.musinsa.com/app/goods/2792168	BITTERCELLS	글로시 크롭 푸퍼 자켓-실버
https://www.musinsa.com/app/goods/3240301	VIVASTUDIO	WIDE DENIM PANTS [SAND BLACK]
https://musinsaapp.page.link/ASd17go8MbowNF1k8	FALLETT	스토리 로고 롱 머플러 베이지
https://www.musinsa.com/app/goods/3658282	WHO.A.U	리버서블 후드 웜업 / WHJJD1191U
https://www.musinsa.com/app/goods/3710759	CODEGRAPHY	[23SS] [SET] 테크 워셔 후드 셋업_블랙
https://www.musinsa.com/app/goods/3688138	CODEGRAPHY	[SET] (맨투맨 OR 후드 선택) CGP 아치 로고 트레이닝 셋업_멜란지그레이
https://www.musinsa.com/app/goods/3692482	YOUHEE	YOUHEE RIBBON HOOD ZIP-UP
https://www.musinsa.com/app/goods/3471419/0	YOUHEE	YOUHEE RIBBON HOOD ZIP-UP
https://www.musinsa.com/app/goods/3509287	MOZMOZ	[SET] 하의선택 써클샤인로고 오버핏 후드 트레이닝세트 백메란지
https://www.musinsa.com/app/goods/2725505	FALLETT	탑스티치 비건레더 패디드 블루종 아이보리
https://www.musinsa.com/app/goods/3480520	BORN CHAMPS	하트 트라이벌 로고 후드 집업  B23FT14BK
https://www.musinsa.com/app/goods/3628151	BADBLOOD	F2 올드이펙트 후드 - 블랙/블루
https://www.musinsa.com/app/goods/2175649	GROOVE RHYME	[패키지] DAILY HALF TURTLE NECK T-SHIRTS (10 COLORS) [LRPFCTR313M]
https://www.musinsa.com/app/goods/2789235	BORN CHAMPS	[3컬러] CHMPS 지구본 로고 바시티 자켓 B22FT13
https://www.musinsa.com/app/goods/3051253	BLUR	BIG LOGO HOODY - DARK BLUE
https://www.musinsa.com/app/goods/3691567	BORN CHAMPS	[본챔스X러디칙스] 러디 이모션 볼캡 B22FA01NP
https://www.musinsa.com/app/goods/3597884	FABULOUS ARCHIVE	우먼즈 크롭 서클로고 엠보 베어프렌즈 헤비테리 맨투맨 레드(FCD3TS702W)
https://www.musinsa.com/app/goods/2691546	ISTKUNST	[기모]썬더 베어 후디 네이비(IK2CFMM402A)
https://www.musinsa.com/app/goods/2691499	ISTKUNST	[기모]썬더 베어 스웻셔츠 코발트블루(IK2CFMM442A)
https://www.musinsa.com/app/goods/2691548	ISTKUNST	[기모]썬더 베어 후디 더스트퍼플(IK2CFMM402A)
https://www.musinsa.com/app/goods/2691547	ISTKUNST	[기모]썬더 베어 후디 블루그린(IK2CFMM402A)
https://marithe-official.com/product/w-classic-logo-tee-white/1177/	MARITHE	W CLASSIC LOGO TEE white
https://marithe-official.com/product/detail.html?product_no=3178&cate_no=43	MARITHE	DOODLE BEAR SWEATSHIRT oatmeal
https://marithe-official.com/product/classic-logo-eco-bag-natural/978/	MARITHE	CLASSIC LOGO ECO BAG natural
https://www.musinsa.com/app/goods/3536576	ROCKFISH WEATHERWEAR	CLOUDY FLATFORM FUR SLINGBACK - 5color
https://www.musinsa.com/app/goods/2680289	CODEGRAPHY	[SET] (맨투맨 OR 후드 선택) CGP 아치 로고 트레이닝 셋업_오트밀
https://www.musinsa.com/app/goods/2646914	FENDI	쿠키 미니 8BS065 AKMO F0A6E 여자 숄더백/호보백
https://www.musinsa.com/app/goods/3454183	WKNDRS	KELLOGGS H.O.F SWEATSHIRT (PURPLE)
https://www.musinsa.com/app/goods/1542846	ROMANTIC CROWN	FLEECE MODS JACKET_NAVY
https://www.musinsa.com/app/goods/3579587	WHATITISNT	[BEARPAW X WII] 엔젤 양털 뮬 브라운
https://www.musinsa.com/app/goods/3078309	ANDERSSON BELL	스퀘어 마틴 23 더비 슈즈 aaa327m(BROWN)
https://www.musinsa.com/app/goods/3521044	TWN	허들 후드 다크그레이 HHHD3532
https://www.musinsa.com/app/goods/3554289	INSILENCE	더블 프론트 워크 팬츠 DRITY BLUE
https://www.musinsa.com/app/goods/3051262/0?_gf=A	PHYSICAL EDUCATION DEPARTMENT	PHYPS® STAR TAIL HOODIE ZIP UP NAVY
https://musinsaapp.page.link/zP8ABPC4dxejB4hX7	WOOALONG	Signature stitch hood zip-up - BLACK
https://www.musinsa.com/app/goods/2389198	DIMITRI BLACK	(올시즌) 스트라이프 럭비 맨투맨 티셔츠 그린/네이비
https://www.musinsa.com/app/goods/3682344	GAINSBORO	[SET] 로럴골든 후드티 조거팬츠 셋업_(8color)
https://www.musinsa.com/app/goods/3734237	AGAINST ALL ODDS	[FULL PACKAGE] 릴렉스 핏 하프 집업 니트 [2PACK]
https://product.29cm.co.kr/catalog/2306449	SHIRTER	FINE MASTER NAVY PEA COAT (NAVY)
https://product.29cm.co.kr/catalog/1665563?source=item_detail&source_type=recommend	YALE	2 TONE ARCH HOODIE GRAY
https://www.musinsa.com/app/goods/2213668/0	CPGN STUDIO	[기모] 마이백 자수 후드 블랙
https://www.musinsa.com/app/goods/2189914/0	CPGN STUDIO	Not Today 자수 후드 집업 블랙
https://www.musinsa.com/app/goods/3682664/0	CPGN STUDIO	BRAVE CAT 자수 후드티 크림
https://www.musinsa.com/app/goods/3536576	ROCKFISH WEATHERWEAR	CLOUDY FLATFORM FUR SLINGBACK - 5color
https://www.musinsa.com/app/goods/2751806	AVANDRESS	Half Patchwork Knitwear BROWN
